ctime,schemaname,relname,seq_scan,seq_tup_read,idx_scan,idx_tup_fetch,n_tup_ins,n_tup_upd,n_tup_del,n_tup_hot_upd,n_live_tup,n_dead_tup,heap_blks_read,heap_blks_hit,idx_blks_read,idx_blks_hit,toast_blks_read,toast_blks_hit,tidx_blks_read,tidx_blks_hit
1416268828.73996,pg_catalog,pg_auth_members,0,0,0,0,0,0,0,0,0,0,0,0,0,0,,,,
1416268828.73996,pg_catalog,pg_operator,0,0,225941,958585,0,0,0,0,0,0,60553,630379,45838,461398,,,,
1416268828.73996,pg_catalog,pg_aggregate,0,0,15131,15131,0,0,0,0,0,0,4585,10546,9187,17859,,,,
1416268828.73996,pg_catalog,pg_pltemplate,0,0,0,0,0,0,0,0,0,0,0,0,0,0,,,,
1416268828.73996,pg_toast,pg_toast_12188,0,0,0,0,0,0,0,0,0,0,0,0,0,0,,,,
1416268828.73996,public,supplier,8,400000,42,42,100000,0,0,0,100000,0,2312,15690,4,88,,,,
1416268828.73996,pg_catalog,pg_description,0,0,3762,0,0,0,0,0,0,0,0,0,1404,6932,0,0,0,0
1416268828.73996,pg_catalog,pg_language,0,0,0,0,0,0,0,0,0,0,0,0,0,0,,,,
1416268828.73996,pg_catalog,pg_ts_parser,0,0,0,0,0,0,0,0,0,0,0,0,0,0,,,,
1416268828.73996,pg_catalog,pg_shseclabel,0,0,0,0,0,0,0,0,0,0,0,0,0,0,,,,
1416268828.73996,pg_catalog,pg_foreign_table,0,0,0,0,0,0,0,0,0,0,0,0,0,0,,,,
1416268828.73996,public,time_statistics,1,1,,,3,1,0,1,3,1,2,3,,,,,,
1416268828.73996,information_schema,sql_packages,0,0,,,0,0,0,0,0,0,0,0,,,0,0,0,0
1416268828.73996,information_schema,sql_parts,0,0,,,0,0,0,0,0,0,0,0,,,0,0,0,0
1416268828.73996,pg_catalog,pg_attrdef,0,0,0,0,0,0,0,0,0,0,0,0,0,0,0,0,0,0
1416268828.73996,pg_catalog,pg_ts_template,0,0,0,0,0,0,0,0,0,0,0,0,0,0,,,,
1416268828.73996,pg_catalog,pg_foreign_server,0,0,0,0,0,0,0,0,0,0,0,0,0,0,,,,
1416268828.73996,pg_catalog,pg_default_acl,0,0,3288,0,0,0,0,0,0,0,0,0,390,2898,,,,
1416268828.73996,pg_toast,pg_toast_12198,0,0,0,0,0,0,0,0,0,0,0,0,0,0,,,,
1416268828.73996,pg_toast,pg_toast_12208,0,0,0,0,0,0,0,0,0,0,0,0,0,0,,,,
1416268828.73996,pg_catalog,pg_attribute,3278,21754,946140,1847562,6362,220,6184,184,2425,284,94049,926659,44016,1918094,,,,
1416268828.73996,pg_catalog,pg_statistic,0,0,217908,165453,1467,3468,1404,3042,473,111,39311,136693,20875,448891,4942,18856,1880,17871
1416268828.73996,pg_toast,pg_toast_12203,0,0,0,0,0,0,0,0,0,0,0,0,0,0,,,,
1416268828.73996,pg_toast,pg_toast_2618,0,0,12390,40235,0,0,0,0,0,0,9553,12097,3708,14942,,,,
1416268828.73996,pg_toast,pg_toast_3596,0,0,0,0,0,0,0,0,0,0,0,0,0,0,,,,
1416268828.73996,pg_catalog,pg_depend,0,0,34722,37385,6397,0,6307,0,6294,901,6520,43739,11287,88000,,,,
1416268828.73996,information_schema,sql_languages,0,0,,,0,0,0,0,0,0,0,0,,,0,0,0,0
1416268828.73996,public,customer,9,9000000,28,28,1500000,0,0,0,1500000,0,68533,294885,6,86,,,,
1416268828.73996,pg_catalog,pg_opclass,596,596,184728,2007948,0,0,0,0,0,0,13244,684105,25970,216522,,,,
1416268828.73996,pg_catalog,pg_proc,0,0,402878,592908,0,0,0,0,0,0,71365,391754,69547,823086,0,0,0,0
1416268828.73996,information_schema,sql_implementation_info,0,0,,,0,0,0,0,0,0,0,0,,,0,0,0,0
1416268828.73996,pg_catalog,pg_trigger,0,0,0,0,0,0,0,0,0,0,0,0,0,0,0,0,0,0
1416268828.73996,pg_catalog,pg_am,40451,40451,0,0,0,0,0,0,0,0,7772,32679,0,0,,,,
1416268828.73996,pg_catalog,pg_largeobject_metadata,0,0,0,0,0,0,0,0,0,0,0,0,0,0,,,,
1416268828.73996,pg_catalog,pg_ts_config_map,0,0,0,0,0,0,0,0,0,0,0,0,0,0,,,,
1416268828.73996,pg_catalog,pg_type,0,0,764963,759061,1621,0,1602,0,349,69,23581,742688,29525,1530060,,,,
1416268828.73996,pg_catalog,pg_shdepend,0,0,4614,851,0,0,0,0,0,0,393,458,1747,4503,,,,
1416268828.73996,information_schema,sql_sizing,0,0,,,0,0,0,0,0,0,0,0,,,0,0,0,0
1416268828.73996,pg_catalog,pg_conversion,0,0,0,0,0,0,0,0,0,0,0,0,0,0,,,,
1416268828.73996,pg_catalog,pg_foreign_data_wrapper,0,0,0,0,0,0,0,0,0,0,0,0,0,0,,,,
1416268828.73996,pg_catalog,pg_opfamily,0,0,0,0,0,0,0,0,0,0,0,0,0,0,,,,
1416268828.73996,pg_catalog,pg_shdescription,0,0,0,0,0,0,0,0,0,0,0,0,0,0,0,0,0,0
1416268828.73996,pg_catalog,pg_tablespace,2,4,29548,29548,0,0,0,0,0,0,6158,23392,12350,46746,,,,
1416268828.73996,pg_catalog,pg_inherits,0,0,812,0,0,0,0,0,0,0,0,0,402,410,,,,
1416268828.73996,public,part,8,12000000,26,26,2000000,0,0,0,2000000,0,79007,327741,6,80,,,,
1416268828.73996,public,region,6,10,8,8,5,0,0,0,5,0,1,11,2,9,,,,
1416268828.73996,pg_toast,pg_toast_2606,0,0,0,0,0,0,0,0,0,0,0,0,0,0,,,,
1416268828.73996,pg_toast,pg_toast_2964,0,0,0,0,0,0,0,0,0,0,0,0,0,0,,,,
1416268828.73996,pg_catalog,pg_database,9225,36402,175117,175115,1,0,0,0,1,0,8146,176195,36699,223803,,,,
1416268828.73996,pg_toast,pg_toast_2620,0,0,0,0,0,0,0,0,0,0,0,0,0,0,,,,
1416268828.73996,pg_toast,pg_toast_12213,0,0,0,0,0,0,0,0,0,0,0,0,0,0,,,,
1416268828.73996,pg_catalog,pg_amproc,596,1192,143747,213702,0,0,0,0,0,0,9756,132294,26574,300567,,,,
1416268828.73996,public,partsupp,4,24000000,42,42,8000000,0,0,0,8000000,0,340611,954551,12,122,,,,
1416268828.73996,public,nation,10,50,42,42,25,0,0,0,25,0,1,45,2,49,,,,
1416268828.73996,pg_catalog,pg_collation,0,0,0,0,0,0,0,0,0,0,0,0,0,0,,,,
1416268828.73996,pg_catalog,pg_constraint,0,0,344,168,176,0,168,0,10,0,99,978,178,1754,0,0,0,0
1416268828.73996,pg_catalog,pg_range,0,0,5441,0,0,0,0,0,0,0,0,0,7039,3843,,,,
1416268828.73996,pg_catalog,pg_user_mapping,0,0,0,0,0,0,0,0,0,0,0,0,0,0,,,,
1416268828.73996,pg_catalog,pg_largeobject,0,0,0,0,0,0,0,0,0,0,0,0,0,0,,,,
1416268828.73996,pg_catalog,pg_namespace,6539,177516,489714,453160,28,0,0,0,28,0,6755,453015,17493,514443,,,,
1416268828.73996,pg_catalog,pg_authid,3231,3231,73554,73554,0,0,0,0,0,0,6961,69824,25870,121238,,,,
1416268828.73996,pg_toast,pg_toast_12193,0,0,0,0,0,0,0,0,0,0,0,0,0,0,,,,
1416268828.73996,pg_catalog,pg_index,14411,1694115,319974,455247,804,0,776,0,138,0,29623,450694,28256,358963,,,,
1416268828.73996,pg_catalog,pg_ts_dict,0,0,0,0,0,0,0,0,0,0,0,0,0,0,,,,
1416268828.73996,information_schema,sql_features,0,0,,,0,0,0,0,0,0,0,0,,,0,0,0,0
1416268828.73996,pg_catalog,pg_class,37160,9235506,1428663,1382760,1626,404,1588,390,326,107,72733,1672690,60557,2862938,,,,
1416268828.73996,pg_toast,pg_toast_12183,0,0,0,0,0,0,0,0,0,0,0,0,0,0,,,,
1416268828.73996,public,orders,10,60000000,30,30,15000000,0,0,0,15000000,0,504554,1558810,6,94,,,,
1416268828.73996,information_schema,sql_sizing_profiles,0,0,,,0,0,0,0,0,0,0,0,,,0,0,0,0
1416268828.73996,pg_toast,pg_toast_2396,0,0,0,0,0,0,0,0,0,0,0,0,0,0,,,,
1416268828.73996,pg_catalog,pg_enum,0,0,0,0,0,0,0,0,0,0,0,0,0,0,,,,
1416268828.73996,pg_catalog,pg_db_role_setting,0,0,128199,0,0,0,0,0,0,0,0,0,7984,120215,0,0,0,0
1416268828.73996,pg_catalog,pg_seclabel,0,0,3762,0,0,0,0,0,0,0,0,0,432,3330,0,0,0,0
1416268828.73996,pg_toast,pg_toast_2609,0,0,0,0,0,0,0,0,0,0,0,0,0,0,,,,
1416268828.73996,pg_toast,pg_toast_1255,0,0,0,0,0,0,0,0,0,0,0,0,0,0,,,,
1416268828.73996,pg_catalog,pg_rewrite,0,0,24009,22797,404,0,404,0,107,3,11131,14933,4776,36320,9553,12097,3708,14942
1416268828.73996,pg_catalog,pg_ts_config,0,0,0,0,0,0,0,0,0,0,0,0,0,0,,,,
1416268828.73996,pg_catalog,pg_extension,0,0,0,0,0,0,0,0,0,0,0,0,0,0,,,,
1416268828.73996,pg_catalog,pg_amop,0,0,296605,412921,0,0,0,0,0,0,20696,392225,35034,606700,,,,
1416268828.73996,pg_catalog,pg_cast,0,0,945232,260961,0,0,0,0,0,0,8949,252012,11448,969371,,,,
1416268828.73996,pg_toast,pg_toast_2619,0,0,14592,44813,1068,0,818,0,270,10,4942,18856,1880,17871,,,,
1416268828.73996,pg_toast,pg_toast_2604,0,0,0,0,0,0,0,0,0,0,0,0,0,0,,,,
1416268828.73996,public,lineitem,17,539874468,56,56,59986052,0,0,0,59986185,0,9668451,3593923,16,223,,,,
1416268888.74229,pg_catalog,pg_auth_members,0,0,0,0,0,0,0,0,0,0,0,0,0,0,,,,
1416268888.74229,pg_catalog,pg_operator,0,0,226022,958911,0,0,0,0,0,0,60565,630600,45840,461585,,,,
1416268888.74229,pg_catalog,pg_aggregate,0,0,15135,15135,0,0,0,0,0,0,4586,10549,9189,17865,,,,
1416268888.74229,pg_catalog,pg_pltemplate,0,0,0,0,0,0,0,0,0,0,0,0,0,0,,,,
1416268888.74229,pg_toast,pg_toast_12188,0,0,0,0,0,0,0,0,0,0,0,0,0,0,,,,
1416268888.74229,public,supplier,10,500000,25730,25730,100000,0,0,0,100000,0,4491,41378,280,51328,,,,
1416268888.74229,pg_catalog,pg_description,0,0,3762,0,0,0,0,0,0,0,0,0,1404,6932,0,0,0,0
1416268888.74229,pg_catalog,pg_language,0,0,0,0,0,0,0,0,0,0,0,0,0,0,,,,
1416268888.74229,pg_catalog,pg_ts_parser,0,0,0,0,0,0,0,0,0,0,0,0,0,0,,,,
1416268888.74229,pg_catalog,pg_shseclabel,0,0,0,0,0,0,0,0,0,0,0,0,0,0,,,,
1416268888.74229,pg_catalog,pg_foreign_table,0,0,0,0,0,0,0,0,0,0,0,0,0,0,,,,
1416268888.74229,public,time_statistics,4,13,,,6,4,0,4,6,4,2,12,,,,,,
1416268888.74229,information_schema,sql_packages,0,0,,,0,0,0,0,0,0,0,0,,,0,0,0,0
1416268888.74229,information_schema,sql_parts,0,0,,,0,0,0,0,0,0,0,0,,,0,0,0,0
1416268888.74229,pg_catalog,pg_attrdef,0,0,0,0,0,0,0,0,0,0,0,0,0,0,0,0,0,0
1416268888.74229,pg_catalog,pg_ts_template,0,0,0,0,0,0,0,0,0,0,0,0,0,0,,,,
1416268888.74229,pg_catalog,pg_foreign_server,0,0,0,0,0,0,0,0,0,0,0,0,0,0,,,,
1416268888.74229,pg_catalog,pg_default_acl,0,0,3288,0,0,0,0,0,0,0,0,0,390,2898,,,,
1416268888.74229,pg_toast,pg_toast_12198,0,0,0,0,0,0,0,0,0,0,0,0,0,0,,,,
1416268888.74229,pg_toast,pg_toast_12208,0,0,0,0,0,0,0,0,0,0,0,0,0,0,,,,
1416268888.74229,pg_catalog,pg_attribute,3278,21754,946622,1848420,6362,220,6184,184,2425,284,94066,927126,44017,1919076,,,,
1416268888.74229,pg_catalog,pg_statistic,0,0,217995,165519,1467,3468,1404,3042,473,111,39320,136750,20876,449079,4965,18877,1881,17934
1416268888.74229,pg_toast,pg_toast_12203,0,0,0,0,0,0,0,0,0,0,0,0,0,0,,,,
1416268888.74229,pg_toast,pg_toast_2618,0,0,12398,40261,0,0,0,0,0,0,9558,12106,3708,14954,,,,
1416268888.74229,pg_toast,pg_toast_3596,0,0,0,0,0,0,0,0,0,0,0,0,0,0,,,,
1416268888.74229,pg_catalog,pg_depend,0,0,34722,37385,6397,0,6307,0,6294,901,6520,43739,11287,88000,,,,
1416268888.74229,information_schema,sql_languages,0,0,,,0,0,0,0,0,0,0,0,,,0,0,0,0
1416268888.74229,public,customer,9,9000000,28,28,1500000,0,0,0,1500000,0,68533,294885,6,86,,,,
1416268888.74229,pg_catalog,pg_opclass,596,596,184793,2008553,0,0,0,0,0,0,13244,684317,25970,216613,,,,
1416268888.74229,pg_catalog,pg_proc,0,0,403080,593206,0,0,0,0,0,0,71383,391974,69553,823531,0,0,0,0
1416268888.74229,information_schema,sql_implementation_info,0,0,,,0,0,0,0,0,0,0,0,,,0,0,0,0
1416268888.74229,pg_catalog,pg_trigger,0,0,0,0,0,0,0,0,0,0,0,0,0,0,0,0,0,0
1416268888.74229,pg_catalog,pg_am,40470,40470,0,0,0,0,0,0,0,0,7772,32698,0,0,,,,
1416268888.74229,pg_catalog,pg_largeobject_metadata,0,0,0,0,0,0,0,0,0,0,0,0,0,0,,,,
1416268888.74229,pg_catalog,pg_ts_config_map,0,0,0,0,0,0,0,0,0,0,0,0,0,0,,,,
1416268888.74229,pg_catalog,pg_type,0,0,765328,759426,1621,0,1602,0,349,69,23582,743052,29525,1530810,,,,
1416268888.74229,pg_catalog,pg_shdepend,0,0,4614,851,0,0,0,0,0,0,393,458,1747,4503,,,,
1416268888.74229,information_schema,sql_sizing,0,0,,,0,0,0,0,0,0,0,0,,,0,0,0,0
1416268888.74229,pg_catalog,pg_conversion,0,0,0,0,0,0,0,0,0,0,0,0,0,0,,,,
1416268888.74229,pg_catalog,pg_foreign_data_wrapper,0,0,0,0,0,0,0,0,0,0,0,0,0,0,,,,
1416268888.74229,pg_catalog,pg_opfamily,0,0,0,0,0,0,0,0,0,0,0,0,0,0,,,,
1416268888.74229,pg_catalog,pg_shdescription,0,0,0,0,0,0,0,0,0,0,0,0,0,0,0,0,0,0
1416268888.74229,pg_catalog,pg_tablespace,2,4,29563,29563,0,0,0,0,0,0,6158,23407,12350,46776,,,,
1416268888.74229,pg_catalog,pg_inherits,0,0,812,0,0,0,0,0,0,0,0,0,402,410,,,,
1416268888.74229,public,part,9,14000000,33,2000032,2000000,0,0,0,2000000,0,119529,369021,5475,98,,,,
1416268888.74229,public,region,6428,32115,12,12,5,0,0,0,5,0,2,6435,4,12,,,,
1416268888.74229,pg_toast,pg_toast_2606,0,0,0,0,0,0,0,0,0,0,0,0,0,0,,,,
1416268888.74229,pg_toast,pg_toast_2964,0,0,0,0,0,0,0,0,0,0,0,0,0,0,,,,
1416268888.74229,pg_catalog,pg_database,9229,36418,175190,175188,1,0,0,0,1,0,8146,176272,36699,223916,,,,
1416268888.74229,pg_toast,pg_toast_2620,0,0,0,0,0,0,0,0,0,0,0,0,0,0,,,,
1416268888.74229,pg_toast,pg_toast_12213,0,0,0,0,0,0,0,0,0,0,0,0,0,0,,,,
1416268888.74229,pg_catalog,pg_amproc,596,1192,143806,213792,0,0,0,0,0,0,9756,132352,26574,300704,,,,
1416268888.74229,public,partsupp,4,24000000,26511,1628694,8000000,0,0,0,8000000,0,511566,2393637,20072,64017,,,,
1416268888.74229,public,nation,11,75,25730,25730,25,0,0,0,25,0,2,25733,4,25736,,,,
1416268888.74229,pg_catalog,pg_collation,0,0,0,0,0,0,0,0,0,0,0,0,0,0,,,,
1416268888.74229,pg_catalog,pg_constraint,0,0,344,168,176,0,168,0,10,0,99,978,178,1754,0,0,0,0
1416268888.74229,pg_catalog,pg_range,0,0,5444,0,0,0,0,0,0,0,0,0,7041,3847,,,,
1416268888.74229,pg_catalog,pg_user_mapping,0,0,0,0,0,0,0,0,0,0,0,0,0,0,,,,
1416268888.74229,pg_catalog,pg_largeobject,0,0,0,0,0,0,0,0,0,0,0,0,0,0,,,,
1416268888.74229,pg_catalog,pg_namespace,6543,177652,490045,453472,28,0,0,0,28,0,6755,453331,17495,514793,,,,
1416268888.74229,pg_catalog,pg_authid,3233,3233,73590,73590,0,0,0,0,0,0,6961,69862,25870,121310,,,,
1416268888.74229,pg_toast,pg_toast_12193,0,0,0,0,0,0,0,0,0,0,0,0,0,0,,,,
1416268888.74229,pg_catalog,pg_index,14419,1695219,320099,455419,804,0,776,0,138,0,29623,450886,28256,359120,,,,
1416268888.74229,pg_catalog,pg_ts_dict,0,0,0,0,0,0,0,0,0,0,0,0,0,0,,,,
1416268888.74229,information_schema,sql_features,0,0,,,0,0,0,0,0,0,0,0,,,0,0,0,0
1416268888.74229,pg_catalog,pg_class,37178,9240805,1429450,1383532,1626,404,1588,390,326,107,72734,1673643,60557,2864552,,,,
1416268888.74229,pg_toast,pg_toast_12183,0,0,0,0,0,0,0,0,0,0,0,0,0,0,,,,
1416268888.74229,public,orders,10,60000000,30,30,15015000,0,0,0,15015000,0,504810,1559367,2826,132769,,,,
1416268888.74229,information_schema,sql_sizing_profiles,0,0,,,0,0,0,0,0,0,0,0,,,0,0,0,0
1416268888.74229,pg_toast,pg_toast_2396,0,0,0,0,0,0,0,0,0,0,0,0,0,0,,,,
1416268888.74229,pg_catalog,pg_enum,0,0,0,0,0,0,0,0,0,0,0,0,0,0,,,,
1416268888.74229,pg_catalog,pg_db_role_setting,0,0,128259,0,0,0,0,0,0,0,0,0,7984,120275,0,0,0,0
1416268888.74229,pg_catalog,pg_seclabel,0,0,3762,0,0,0,0,0,0,0,0,0,432,3330,0,0,0,0
1416268888.74229,pg_toast,pg_toast_2609,0,0,0,0,0,0,0,0,0,0,0,0,0,0,,,,
1416268888.74229,pg_toast,pg_toast_1255,0,0,0,0,0,0,0,0,0,0,0,0,0,0,,,,
1416268888.74229,pg_catalog,pg_rewrite,0,0,24023,22811,404,0,404,0,107,3,11136,14942,4776,36344,9558,12106,3708,14954
1416268888.74229,pg_catalog,pg_ts_config,0,0,0,0,0,0,0,0,0,0,0,0,0,0,,,,
1416268888.74229,pg_catalog,pg_extension,0,0,0,0,0,0,0,0,0,0,0,0,0,0,,,,
1416268888.74229,pg_catalog,pg_amop,0,0,296717,413079,0,0,0,0,0,0,20698,392381,35034,606947,,,,
1416268888.74229,pg_catalog,pg_cast,0,0,945585,261074,0,0,0,0,0,0,8949,252125,11448,969742,,,,
1416268888.74229,pg_toast,pg_toast_2619,0,0,14620,44915,1068,0,818,0,270,10,4965,18877,1881,17934,,,,
1416268888.74229,pg_toast,pg_toast_2604,0,0,0,0,0,0,0,0,0,0,0,0,0,0,,,,
1416268888.74229,public,lineitem,17,539874468,59,774011,60045669,0,0,0,60045802,0,10081647,3596629,109881,1305655,,,,
1416268948.7453,pg_catalog,pg_auth_members,0,0,0,0,0,0,0,0,0,0,0,0,0,0,,,,
1416268948.7453,pg_catalog,pg_operator,0,0,226077,959066,0,0,0,0,0,0,60565,630715,45840,461715,,,,
1416268948.7453,pg_catalog,pg_aggregate,0,0,15138,15138,0,0,0,0,0,0,4586,10552,9189,17871,,,,
1416268948.7453,pg_catalog,pg_pltemplate,0,0,0,0,0,0,0,0,0,0,0,0,0,0,,,,
1416268948.7453,pg_toast,pg_toast_12188,0,0,0,0,0,0,0,0,0,0,0,0,0,0,,,,
1416268948.7453,public,supplier,10,500000,3285584,3285584,100000,0,0,0,100000,0,4491,3301232,280,6588576,,,,
1416268948.7453,pg_catalog,pg_description,0,0,3762,0,0,0,0,0,0,0,0,0,1404,6932,0,0,0,0
1416268948.7453,pg_catalog,pg_language,0,0,0,0,0,0,0,0,0,0,0,0,0,0,,,,
1416268948.7453,pg_catalog,pg_ts_parser,0,0,0,0,0,0,0,0,0,0,0,0,0,0,,,,
1416268948.7453,pg_catalog,pg_shseclabel,0,0,0,0,0,0,0,0,0,0,0,0,0,0,,,,
1416268948.7453,pg_catalog,pg_foreign_table,0,0,0,0,0,0,0,0,0,0,0,0,0,0,,,,
1416268948.7453,public,time_statistics,5,19,,,7,5,0,5,7,5,2,15,,,,,,
1416268948.7453,information_schema,sql_packages,0,0,,,0,0,0,0,0,0,0,0,,,0,0,0,0
1416268948.7453,information_schema,sql_parts,0,0,,,0,0,0,0,0,0,0,0,,,0,0,0,0
1416268948.7453,pg_catalog,pg_attrdef,0,0,0,0,0,0,0,0,0,0,0,0,0,0,0,0,0,0
1416268948.7453,pg_catalog,pg_ts_template,0,0,0,0,0,0,0,0,0,0,0,0,0,0,,,,
1416268948.7453,pg_catalog,pg_foreign_server,0,0,0,0,0,0,0,0,0,0,0,0,0,0,,,,
1416268948.7453,pg_catalog,pg_default_acl,0,0,3288,0,0,0,0,0,0,0,0,0,390,2898,,,,
1416268948.7453,pg_toast,pg_toast_12198,0,0,0,0,0,0,0,0,0,0,0,0,0,0,,,,
1416268948.7453,pg_toast,pg_toast_12208,0,0,0,0,0,0,0,0,0,0,0,0,0,0,,,,
1416268948.7453,pg_catalog,pg_attribute,3278,21754,947063,1849183,6362,220,6184,184,2425,284,94066,927569,44017,1919974,,,,
1416268948.7453,pg_catalog,pg_statistic,0,0,218068,165577,1467,3468,1404,3042,473,111,39321,136807,20876,449237,4970,18906,1881,17993
1416268948.7453,pg_toast,pg_toast_12203,0,0,0,0,0,0,0,0,0,0,0,0,0,0,,,,
1416268948.7453,pg_toast,pg_toast_2618,0,0,12406,40287,0,0,0,0,0,0,9558,12120,3708,14966,,,,
1416268948.7453,pg_toast,pg_toast_3596,0,0,0,0,0,0,0,0,0,0,0,0,0,0,,,,
1416268948.7453,pg_catalog,pg_depend,0,0,34722,37385,6397,0,6307,0,6294,901,6520,43739,11287,88000,,,,
1416268948.7453,information_schema,sql_languages,0,0,,,0,0,0,0,0,0,0,0,,,0,0,0,0
1416268948.7453,public,customer,9,9000000,28,28,1500000,0,0,0,1500000,0,68533,294885,6,86,,,,
1416268948.7453,pg_catalog,pg_opclass,596,596,184844,2009068,0,0,0,0,0,0,13244,684492,25970,216687,,,,
1416268948.7453,pg_catalog,pg_proc,0,0,403255,593465,0,0,0,0,0,0,71383,392183,69553,823918,0,0,0,0
1416268948.7453,information_schema,sql_implementation_info,0,0,,,0,0,0,0,0,0,0,0,,,0,0,0,0
1416268948.7453,pg_catalog,pg_trigger,0,0,0,0,0,0,0,0,0,0,0,0,0,0,0,0,0,0
1416268948.7453,pg_catalog,pg_am,40486,40486,0,0,0,0,0,0,0,0,7772,32714,0,0,,,,
1416268948.7453,pg_catalog,pg_largeobject_metadata,0,0,0,0,0,0,0,0,0,0,0,0,0,0,,,,
1416268948.7453,pg_catalog,pg_ts_config_map,0,0,0,0,0,0,0,0,0,0,0,0,0,0,,,,
1416268948.7453,pg_catalog,pg_type,0,0,765584,759682,1621,0,1602,0,349,69,23582,743308,29526,1531335,,,,
1416268948.7453,pg_catalog,pg_shdepend,0,0,4614,851,0,0,0,0,0,0,393,458,1747,4503,,,,
1416268948.7453,information_schema,sql_sizing,0,0,,,0,0,0,0,0,0,0,0,,,0,0,0,0
1416268948.7453,pg_catalog,pg_conversion,0,0,0,0,0,0,0,0,0,0,0,0,0,0,,,,
1416268948.7453,pg_catalog,pg_foreign_data_wrapper,0,0,0,0,0,0,0,0,0,0,0,0,0,0,,,,
1416268948.7453,pg_catalog,pg_opfamily,0,0,0,0,0,0,0,0,0,0,0,0,0,0,,,,
1416268948.7453,pg_catalog,pg_shdescription,0,0,0,0,0,0,0,0,0,0,0,0,0,0,0,0,0,0
1416268948.7453,pg_catalog,pg_tablespace,2,4,29575,29575,0,0,0,0,0,0,6158,23419,12350,46800,,,,
1416268948.7453,pg_catalog,pg_inherits,0,0,812,0,0,0,0,0,0,0,0,0,402,410,,,,
1416268948.7453,public,part,10,16000000,41,2000040,2000000,0,0,0,2000000,0,119529,409551,5475,123,,,,
1416268948.7453,public,region,6428,32115,12,12,5,0,0,0,5,0,2,6435,4,12,,,,
1416268948.7453,pg_toast,pg_toast_2606,0,0,0,0,0,0,0,0,0,0,0,0,0,0,,,,
1416268948.7453,pg_toast,pg_toast_2964,0,0,0,0,0,0,0,0,0,0,0,0,0,0,,,,
1416268948.7453,pg_catalog,pg_database,9233,36434,175254,175252,1,0,0,0,1,0,8146,176340,36699,224014,,,,
1416268948.7453,pg_toast,pg_toast_2620,0,0,0,0,0,0,0,0,0,0,0,0,0,0,,,,
1416268948.7453,pg_toast,pg_toast_12213,0,0,0,0,0,0,0,0,0,0,0,0,0,0,,,,
1416268948.7453,pg_catalog,pg_amproc,596,1192,143854,213864,0,0,0,0,0,0,9756,132399,26574,300816,,,,
1416268948.7453,public,partsupp,4,24000000,26528,9628703,8000000,0,0,0,8000000,0,511569,2805999,37585,68414,,,,
1416268948.7453,public,nation,11,75,3285578,3285578,25,0,0,0,25,0,2,3285581,4,3285585,,,,
1416268948.7453,pg_catalog,pg_collation,0,0,0,0,0,0,0,0,0,0,0,0,0,0,,,,
1416268948.7453,pg_catalog,pg_constraint,0,0,344,168,176,0,168,0,10,0,99,978,178,1754,0,0,0,0
1416268948.7453,pg_catalog,pg_range,0,0,5445,0,0,0,0,0,0,0,0,0,7041,3849,,,,
1416268948.7453,pg_catalog,pg_user_mapping,0,0,0,0,0,0,0,0,0,0,0,0,0,0,,,,
1416268948.7453,pg_catalog,pg_largeobject,0,0,0,0,0,0,0,0,0,0,0,0,0,0,,,,
1416268948.7453,pg_catalog,pg_namespace,6547,177788,490360,453774,28,0,0,0,28,0,6755,453637,17495,515123,,,,
1416268948.7453,pg_catalog,pg_authid,3235,3235,73620,73620,0,0,0,0,0,0,6961,69894,25870,121370,,,,
1416268948.7453,pg_toast,pg_toast_12193,0,0,0,0,0,0,0,0,0,0,0,0,0,0,,,,
1416268948.7453,pg_catalog,pg_index,14427,1696323,320201,455557,804,0,776,0,138,0,29623,451044,28256,359249,,,,
1416268948.7453,pg_catalog,pg_ts_dict,0,0,0,0,0,0,0,0,0,0,0,0,0,0,,,,
1416268948.7453,information_schema,sql_features,0,0,,,0,0,0,0,0,0,0,0,,,0,0,0,0
1416268948.7453,pg_catalog,pg_class,37196,9246104,1430185,1384259,1626,404,1588,390,326,107,72734,1674552,60557,2866053,,,,
1416268948.7453,pg_toast,pg_toast_12183,0,0,0,0,0,0,0,0,0,0,0,0,0,0,,,,
1416268948.7453,public,orders,10,60000000,3259878,3259878,15015000,0,0,0,15015000,0,758077,4565948,43912,9888913,,,,
1416268948.7453,information_schema,sql_sizing_profiles,0,0,,,0,0,0,0,0,0,0,0,,,0,0,0,0
1416268948.7453,pg_toast,pg_toast_2396,0,0,0,0,0,0,0,0,0,0,0,0,0,0,,,,
1416268948.7453,pg_catalog,pg_enum,0,0,0,0,0,0,0,0,0,0,0,0,0,0,,,,
1416268948.7453,pg_catalog,pg_db_role_setting,0,0,128310,0,0,0,0,0,0,0,0,0,7984,120326,0,0,0,0
1416268948.7453,pg_catalog,pg_seclabel,0,0,3762,0,0,0,0,0,0,0,0,0,432,3330,0,0,0,0
1416268948.7453,pg_toast,pg_toast_2609,0,0,0,0,0,0,0,0,0,0,0,0,0,0,,,,
1416268948.7453,pg_toast,pg_toast_1255,0,0,0,0,0,0,0,0,0,0,0,0,0,0,,,,
1416268948.7453,pg_catalog,pg_rewrite,0,0,24037,22825,404,0,404,0,107,3,11136,14956,4776,36368,9558,12120,3708,14966
1416268948.7453,pg_catalog,pg_ts_config,0,0,0,0,0,0,0,0,0,0,0,0,0,0,,,,
1416268948.7453,pg_catalog,pg_extension,0,0,0,0,0,0,0,0,0,0,0,0,0,0,,,,
1416268948.7453,pg_catalog,pg_amop,0,0,296811,413203,0,0,0,0,0,0,20698,392505,35034,607154,,,,
1416268948.7453,pg_catalog,pg_cast,0,0,945818,261155,0,0,0,0,0,0,8949,252206,11448,969988,,,,
1416268948.7453,pg_toast,pg_toast_2619,0,0,14646,44991,1068,0,818,0,270,10,4970,18906,1881,17993,,,,
1416268948.7453,pg_toast,pg_toast_2604,0,0,0,0,0,0,0,0,0,0,0,0,0,0,,,,
1416268948.7453,public,lineitem,18,599920137,69,774021,60045669,0,0,0,60045802,0,10734929,4009832,109886,1305692,,,,
1416269008.74739,pg_catalog,pg_auth_members,0,0,0,0,0,0,0,0,0,0,0,0,0,0,,,,
1416269008.74739,pg_catalog,pg_operator,0,0,226180,959629,0,0,0,0,0,0,60566,631123,45841,461950,,,,
1416269008.74739,pg_catalog,pg_aggregate,0,0,15144,15144,0,0,0,0,0,0,4586,10558,9189,17882,,,,
1416269008.74739,pg_catalog,pg_pltemplate,0,0,0,0,0,0,0,0,0,0,0,0,0,0,,,,
1416269008.74739,pg_toast,pg_toast_12188,0,0,0,0,0,0,0,0,0,0,0,0,0,0,,,,
1416269008.74739,public,supplier,12,600000,3285586,3285586,100000,0,0,0,100000,0,4491,3303413,280,6588581,,,,
1416269008.74739,pg_catalog,pg_description,0,0,3762,0,0,0,0,0,0,0,0,0,1404,6932,0,0,0,0
1416269008.74739,pg_catalog,pg_language,0,0,0,0,0,0,0,0,0,0,0,0,0,0,,,,
1416269008.74739,pg_catalog,pg_ts_parser,0,0,0,0,0,0,0,0,0,0,0,0,0,0,,,,
1416269008.74739,pg_catalog,pg_shseclabel,0,0,0,0,0,0,0,0,0,0,0,0,0,0,,,,
1416269008.74739,pg_catalog,pg_foreign_table,0,0,0,0,0,0,0,0,0,0,0,0,0,0,,,,
1416269008.74739,public,time_statistics,8,43,,,10,8,0,8,10,8,2,24,,,,,,
1416269008.74739,information_schema,sql_packages,0,0,,,0,0,0,0,0,0,0,0,,,0,0,0,0
1416269008.74739,information_schema,sql_parts,0,0,,,0,0,0,0,0,0,0,0,,,0,0,0,0
1416269008.74739,pg_catalog,pg_attrdef,0,0,0,0,0,0,0,0,0,0,0,0,0,0,0,0,0,0
1416269008.74739,pg_catalog,pg_ts_template,0,0,0,0,0,0,0,0,0,0,0,0,0,0,,,,
1416269008.74739,pg_catalog,pg_foreign_server,0,0,0,0,0,0,0,0,0,0,0,0,0,0,,,,
1416269008.74739,pg_catalog,pg_default_acl,0,0,3288,0,0,0,0,0,0,0,0,0,390,2898,,,,
1416269008.74739,pg_toast,pg_toast_12198,0,0,0,0,0,0,0,0,0,0,0,0,0,0,,,,
1416269008.74739,pg_toast,pg_toast_12208,0,0,0,0,0,0,0,0,0,0,0,0,0,0,,,,
1416269008.74739,pg_catalog,pg_attribute,3278,21754,947552,1850063,6362,220,6184,184,2425,284,94078,928048,44019,1920970,,,,
1416269008.74739,pg_catalog,pg_statistic,0,0,218157,165645,1467,3468,1404,3042,473,111,39329,136867,20878,449429,4975,18950,1881,18070
1416269008.74739,pg_toast,pg_toast_12203,0,0,0,0,0,0,0,0,0,0,0,0,0,0,,,,
1416269008.74739,pg_toast,pg_toast_2618,0,0,12414,40313,0,0,0,0,0,0,9563,12129,3710,14976,,,,
1416269008.74739,pg_toast,pg_toast_3596,0,0,0,0,0,0,0,0,0,0,0,0,0,0,,,,
1416269008.74739,pg_catalog,pg_depend,0,0,34722,37385,6397,0,6307,0,6294,901,6520,43739,11287,88000,,,,
1416269008.74739,information_schema,sql_languages,0,0,,,0,0,0,0,0,0,0,0,,,0,0,0,0
1416269008.74739,public,customer,9,9000000,28,28,1500000,0,0,0,1500000,0,68533,294885,6,86,,,,
1416269008.74739,pg_catalog,pg_opclass,596,596,184904,2009516,0,0,0,0,0,0,13244,684653,25970,216774,,,,
1416269008.74739,pg_catalog,pg_proc,0,0,403477,593784,0,0,0,0,0,0,71392,392429,69560,824403,0,0,0,0
1416269008.74739,information_schema,sql_implementation_info,0,0,,,0,0,0,0,0,0,0,0,,,0,0,0,0
1416269008.74739,pg_catalog,pg_trigger,0,0,0,0,0,0,0,0,0,0,0,0,0,0,0,0,0,0
1416269008.74739,pg_catalog,pg_am,40506,40506,0,0,0,0,0,0,0,0,7772,32734,0,0,,,,
1416269008.74739,pg_catalog,pg_largeobject_metadata,0,0,0,0,0,0,0,0,0,0,0,0,0,0,,,,
1416269008.74739,pg_catalog,pg_ts_config_map,0,0,0,0,0,0,0,0,0,0,0,0,0,0,,,,
1416269008.74739,pg_catalog,pg_type,0,0,766004,760102,1621,0,1602,0,349,69,23582,743728,29526,1532196,,,,
1416269008.74739,pg_catalog,pg_shdepend,0,0,4614,851,0,0,0,0,0,0,393,458,1747,4503,,,,
1416269008.74739,information_schema,sql_sizing,0,0,,,0,0,0,0,0,0,0,0,,,0,0,0,0
1416269008.74739,pg_catalog,pg_conversion,0,0,0,0,0,0,0,0,0,0,0,0,0,0,,,,
1416269008.74739,pg_catalog,pg_foreign_data_wrapper,0,0,0,0,0,0,0,0,0,0,0,0,0,0,,,,
1416269008.74739,pg_catalog,pg_opfamily,0,0,0,0,0,0,0,0,0,0,0,0,0,0,,,,
1416269008.74739,pg_catalog,pg_shdescription,0,0,0,0,0,0,0,0,0,0,0,0,0,0,0,0,0,0
1416269008.74739,pg_catalog,pg_tablespace,2,4,29591,29591,0,0,0,0,0,0,6158,23435,12350,46832,,,,
1416269008.74739,pg_catalog,pg_inherits,0,0,812,0,0,0,0,0,0,0,0,0,402,410,,,,
1416269008.74739,public,part,10,16000000,47,2023887,2000000,0,0,0,2000000,0,121475,426530,5645,131,,,,
1416269008.74739,public,region,6428,32115,12,12,5,0,0,0,5,0,2,6435,4,12,,,,
1416269008.74739,pg_toast,pg_toast_2606,0,0,0,0,0,0,0,0,0,0,0,0,0,0,,,,
1416269008.74739,pg_toast,pg_toast_2964,0,0,0,0,0,0,0,0,0,0,0,0,0,0,,,,
1416269008.74739,pg_catalog,pg_database,9237,36450,175331,175329,1,0,0,0,1,0,8146,176421,36699,224133,,,,
1416269008.74739,pg_toast,pg_toast_2620,0,0,0,0,0,0,0,0,0,0,0,0,0,0,,,,
1416269008.74739,pg_toast,pg_toast_12213,0,0,0,0,0,0,0,0,0,0,0,0,0,0,,,,
1416269008.74739,pg_catalog,pg_amproc,596,1192,143912,213956,0,0,0,0,0,0,9756,132456,26574,300952,,,,
1416269008.74739,public,partsupp,4,24000000,48369,9716055,8000000,0,0,0,8000000,0,511569,2830194,37622,134257,,,,
1416269008.74739,public,nation,12,100,3285580,3285580,25,0,0,0,25,0,2,3285584,4,3285588,,,,
1416269008.74739,pg_catalog,pg_collation,0,0,0,0,0,0,0,0,0,0,0,0,0,0,,,,
1416269008.74739,pg_catalog,pg_constraint,0,0,344,168,176,0,168,0,10,0,99,978,178,1754,0,0,0,0
1416269008.74739,pg_catalog,pg_range,0,0,5448,0,0,0,0,0,0,0,0,0,7043,3853,,,,
1416269008.74739,pg_catalog,pg_user_mapping,0,0,0,0,0,0,0,0,0,0,0,0,0,0,,,,
1416269008.74739,pg_catalog,pg_largeobject,0,0,0,0,0,0,0,0,0,0,0,0,0,0,,,,
1416269008.74739,pg_catalog,pg_namespace,6551,177924,490692,454087,28,0,0,0,28,0,6755,453954,17497,515474,,,,
1416269008.74739,pg_catalog,pg_authid,3237,3237,73658,73658,0,0,0,0,0,0,6961,69934,25870,121446,,,,
1416269008.74739,pg_toast,pg_toast_12193,0,0,0,0,0,0,0,0,0,0,0,0,0,0,,,,
1416269008.74739,pg_catalog,pg_index,14435,1697427,320331,455739,804,0,776,0,138,0,29623,451246,28256,359412,,,,
1416269008.74739,pg_catalog,pg_ts_dict,0,0,0,0,0,0,0,0,0,0,0,0,0,0,,,,
1416269008.74739,information_schema,sql_features,0,0,,,0,0,0,0,0,0,0,0,,,0,0,0,0
1416269008.74739,pg_catalog,pg_class,37214,9251403,1430976,1385036,1626,404,1588,390,326,107,72735,1675510,60558,2867675,,,,
1416269008.74739,pg_toast,pg_toast_12183,0,0,0,0,0,0,0,0,0,0,0,0,0,0,,,,
1416269008.74739,public,orders,10,60000000,3259878,3259878,15015000,0,0,0,15015000,0,758077,4565948,43912,9888913,,,,
1416269008.74739,information_schema,sql_sizing_profiles,0,0,,,0,0,0,0,0,0,0,0,,,0,0,0,0
1416269008.74739,pg_toast,pg_toast_2396,0,0,0,0,0,0,0,0,0,0,0,0,0,0,,,,
1416269008.74739,pg_catalog,pg_enum,0,0,0,0,0,0,0,0,0,0,0,0,0,0,,,,
1416269008.74739,pg_catalog,pg_db_role_setting,0,0,128373,0,0,0,0,0,0,0,0,0,7984,120389,0,0,0,0
1416269008.74739,pg_catalog,pg_seclabel,0,0,3762,0,0,0,0,0,0,0,0,0,432,3330,0,0,0,0
1416269008.74739,pg_toast,pg_toast_2609,0,0,0,0,0,0,0,0,0,0,0,0,0,0,,,,
1416269008.74739,pg_toast,pg_toast_1255,0,0,0,0,0,0,0,0,0,0,0,0,0,0,,,,
1416269008.74739,pg_catalog,pg_rewrite,0,0,24051,22839,404,0,404,0,107,3,11141,14965,4778,36390,9563,12129,3710,14976
1416269008.74739,pg_catalog,pg_ts_config,0,0,0,0,0,0,0,0,0,0,0,0,0,0,,,,
1416269008.74739,pg_catalog,pg_extension,0,0,0,0,0,0,0,0,0,0,0,0,0,0,,,,
1416269008.74739,pg_catalog,pg_amop,0,0,296926,413363,0,0,0,0,0,0,20698,392665,35034,607409,,,,
1416269008.74739,pg_catalog,pg_cast,0,0,946223,261284,0,0,0,0,0,0,8949,252335,11448,970412,,,,
1416269008.74739,pg_toast,pg_toast_2619,0,0,14680,45104,1068,0,818,0,270,10,4975,18950,1881,18070,,,,
1416269008.74739,pg_toast,pg_toast_2604,0,0,0,0,0,0,0,0,0,0,0,0,0,0,,,,
1416269008.74739,public,lineitem,18,599920137,91432,12575034,60045669,0,0,0,60045802,0,11851674,6582499,160615,1658960,,,,
1416269068.74932,pg_catalog,pg_auth_members,0,0,0,0,0,0,0,0,0,0,0,0,0,0,,,,
1416269068.74932,pg_catalog,pg_operator,0,0,226257,959972,0,0,0,0,0,0,60566,631368,45841,462130,,,,
1416269068.74932,pg_catalog,pg_aggregate,0,0,15148,15148,0,0,0,0,0,0,4586,10562,9189,17890,,,,
1416269068.74932,pg_catalog,pg_pltemplate,0,0,0,0,0,0,0,0,0,0,0,0,0,0,,,,
1416269068.74932,pg_toast,pg_toast_12188,0,0,0,0,0,0,0,0,0,0,0,0,0,0,,,,
1416269068.74932,public,supplier,12,600000,3310111,3310111,100000,0,0,0,100000,0,6670,3325759,556,6637498,,,,
1416269068.74932,pg_catalog,pg_description,0,0,3762,0,0,0,0,0,0,0,0,0,1404,6932,0,0,0,0
1416269068.74932,pg_catalog,pg_language,0,0,0,0,0,0,0,0,0,0,0,0,0,0,,,,
1416269068.74932,pg_catalog,pg_ts_parser,0,0,0,0,0,0,0,0,0,0,0,0,0,0,,,,
1416269068.74932,pg_catalog,pg_shseclabel,0,0,0,0,0,0,0,0,0,0,0,0,0,0,,,,
1416269068.74932,pg_catalog,pg_foreign_table,0,0,0,0,0,0,0,0,0,0,0,0,0,0,,,,
1416269068.74932,public,time_statistics,10,64,,,12,10,0,10,12,10,2,30,,,,,,
1416269068.74932,information_schema,sql_packages,0,0,,,0,0,0,0,0,0,0,0,,,0,0,0,0
1416269068.74932,information_schema,sql_parts,0,0,,,0,0,0,0,0,0,0,0,,,0,0,0,0
1416269068.74932,pg_catalog,pg_attrdef,0,0,0,0,0,0,0,0,0,0,0,0,0,0,0,0,0,0
1416269068.74932,pg_catalog,pg_ts_template,0,0,0,0,0,0,0,0,0,0,0,0,0,0,,,,
1416269068.74932,pg_catalog,pg_foreign_server,0,0,0,0,0,0,0,0,0,0,0,0,0,0,,,,
1416269068.74932,pg_catalog,pg_default_acl,0,0,3288,0,0,0,0,0,0,0,0,0,390,2898,,,,
1416269068.74932,pg_toast,pg_toast_12198,0,0,0,0,0,0,0,0,0,0,0,0,0,0,,,,
1416269068.74932,pg_toast,pg_toast_12208,0,0,0,0,0,0,0,0,0,0,0,0,0,0,,,,
1416269068.74932,pg_catalog,pg_attribute,3278,21754,948061,1850984,6362,220,6184,184,2425,284,94083,928554,44019,1922005,,,,
1416269068.74932,pg_catalog,pg_statistic,0,0,218249,165717,1467,3468,1404,3042,473,111,39334,136934,20878,449628,4984,18982,1882,18141
1416269068.74932,pg_toast,pg_toast_12203,0,0,0,0,0,0,0,0,0,0,0,0,0,0,,,,
1416269068.74932,pg_toast,pg_toast_2618,0,0,12422,40339,0,0,0,0,0,0,9563,12143,3710,14988,,,,
1416269068.74932,pg_toast,pg_toast_3596,0,0,0,0,0,0,0,0,0,0,0,0,0,0,,,,
1416269068.74932,pg_catalog,pg_depend,0,0,34722,37385,6397,0,6307,0,6294,901,6520,43739,11287,88000,,,,
1416269068.74932,information_schema,sql_languages,0,0,,,0,0,0,0,0,0,0,0,,,0,0,0,0
1416269068.74932,public,customer,10,10500000,41,300999,1500000,0,0,0,1500000,0,103811,440229,845,112,,,,
1416269068.74932,pg_catalog,pg_opclass,596,596,184973,2010277,0,0,0,0,0,0,13244,684915,25970,216868,,,,
1416269068.74932,pg_catalog,pg_proc,0,0,403685,594090,0,0,0,0,0,0,71396,392671,69560,824865,0,0,0,0
1416269068.74932,information_schema,sql_implementation_info,0,0,,,0,0,0,0,0,0,0,0,,,0,0,0,0
1416269068.74932,pg_catalog,pg_trigger,0,0,0,0,0,0,0,0,0,0,0,0,0,0,0,0,0,0
1416269068.74932,pg_catalog,pg_am,40523,40523,0,0,0,0,0,0,0,0,7772,32751,0,0,,,,
1416269068.74932,pg_catalog,pg_largeobject_metadata,0,0,0,0,0,0,0,0,0,0,0,0,0,0,,,,
1416269068.74932,pg_catalog,pg_ts_config_map,0,0,0,0,0,0,0,0,0,0,0,0,0,0,,,,
1416269068.74932,pg_catalog,pg_type,0,0,766379,760477,1621,0,1602,0,349,69,23582,744103,29529,1532961,,,,
1416269068.74932,pg_catalog,pg_shdepend,0,0,4614,851,0,0,0,0,0,0,393,458,1747,4503,,,,
1416269068.74932,information_schema,sql_sizing,0,0,,,0,0,0,0,0,0,0,0,,,0,0,0,0
1416269068.74932,pg_catalog,pg_conversion,0,0,0,0,0,0,0,0,0,0,0,0,0,0,,,,
1416269068.74932,pg_catalog,pg_foreign_data_wrapper,0,0,0,0,0,0,0,0,0,0,0,0,0,0,,,,
1416269068.74932,pg_catalog,pg_opfamily,0,0,0,0,0,0,0,0,0,0,0,0,0,0,,,,
1416269068.74932,pg_catalog,pg_shdescription,0,0,0,0,0,0,0,0,0,0,0,0,0,0,0,0,0,0
1416269068.74932,pg_catalog,pg_tablespace,2,4,29606,29606,0,0,0,0,0,0,6158,23450,12350,46862,,,,
1416269068.74932,pg_catalog,pg_inherits,0,0,812,0,0,0,0,0,0,0,0,0,402,410,,,,
1416269068.74932,public,part,10,16000000,52,2037293,2000000,0,0,0,2000000,0,132936,426534,5729,144,,,,
1416269068.74932,public,region,6429,32120,14,14,5,0,0,0,5,0,3,6437,6,13,,,,
1416269068.74932,pg_toast,pg_toast_2606,0,0,0,0,0,0,0,0,0,0,0,0,0,0,,,,
1416269068.74932,pg_toast,pg_toast_2964,0,0,0,0,0,0,0,0,0,0,0,0,0,0,,,,
1416269068.74932,pg_catalog,pg_database,9241,36466,175405,175403,1,0,0,0,1,0,8146,176499,36699,224243,,,,
1416269068.74932,pg_toast,pg_toast_2620,0,0,0,0,0,0,0,0,0,0,0,0,0,0,,,,
1416269068.74932,pg_toast,pg_toast_12213,0,0,0,0,0,0,0,0,0,0,0,0,0,0,,,,
1416269068.74932,pg_catalog,pg_amproc,596,1192,143972,214044,0,0,0,0,0,0,9756,132515,26574,301089,,,,
1416269068.74932,public,partsupp,4,24000000,48369,9716055,8000000,0,0,0,8000000,0,511569,2830194,37622,134257,,,,
1416269068.74932,public,nation,13,125,3310107,3310107,25,0,0,0,25,0,3,3310111,6,3310114,,,,
1416269068.74932,pg_catalog,pg_collation,0,0,0,0,0,0,0,0,0,0,0,0,0,0,,,,
1416269068.74932,pg_catalog,pg_constraint,0,0,344,168,176,0,168,0,10,0,99,978,178,1754,0,0,0,0
1416269068.74932,pg_catalog,pg_range,0,0,5451,0,0,0,0,0,0,0,0,0,7043,3859,,,,
1416269068.74932,pg_catalog,pg_user_mapping,0,0,0,0,0,0,0,0,0,0,0,0,0,0,,,,
1416269068.74932,pg_catalog,pg_largeobject,0,0,0,0,0,0,0,0,0,0,0,0,0,0,,,,
1416269068.74932,pg_catalog,pg_namespace,6555,178060,491021,454398,28,0,0,0,28,0,6755,454269,17497,515823,,,,
1416269068.74932,pg_catalog,pg_authid,3240,3240,73690,73690,0,0,0,0,0,0,6961,69969,25870,121510,,,,
1416269068.74932,pg_toast,pg_toast_12193,0,0,0,0,0,0,0,0,0,0,0,0,0,0,,,,
1416269068.74932,pg_catalog,pg_index,14443,1698531,320463,455925,804,0,776,0,138,0,29623,451446,28256,359574,,,,
1416269068.74932,pg_catalog,pg_ts_dict,0,0,0,0,0,0,0,0,0,0,0,0,0,0,,,,
1416269068.74932,information_schema,sql_features,0,0,,,0,0,0,0,0,0,0,0,,,0,0,0,0
1416269068.74932,pg_catalog,pg_class,37233,9257028,1431774,1385820,1626,404,1588,390,326,107,72735,1676486,60558,2869308,,,,
1416269068.74932,pg_toast,pg_toast_12183,0,0,0,0,0,0,0,0,0,0,0,0,0,0,,,,
1416269068.74932,public,orders,11,75015000,3259887,7821847,15015000,0,0,0,15015000,0,1027757,4803320,56374,9888933,,,,
1416269068.74932,information_schema,sql_sizing_profiles,0,0,,,0,0,0,0,0,0,0,0,,,0,0,0,0
1416269068.74932,pg_toast,pg_toast_2396,0,0,0,0,0,0,0,0,0,0,0,0,0,0,,,,
1416269068.74932,pg_catalog,pg_enum,0,0,0,0,0,0,0,0,0,0,0,0,0,0,,,,
1416269068.74932,pg_catalog,pg_db_role_setting,0,0,128427,0,0,0,0,0,0,0,0,0,7984,120443,0,0,0,0
1416269068.74932,pg_catalog,pg_seclabel,0,0,3762,0,0,0,0,0,0,0,0,0,432,3330,0,0,0,0
1416269068.74932,pg_toast,pg_toast_2609,0,0,0,0,0,0,0,0,0,0,0,0,0,0,,,,
1416269068.74932,pg_toast,pg_toast_1255,0,0,0,0,0,0,0,0,0,0,0,0,0,0,,,,
1416269068.74932,pg_catalog,pg_rewrite,0,0,24067,22855,404,0,404,0,107,3,11141,14981,4778,36418,9563,12143,3710,14988
1416269068.74932,pg_catalog,pg_ts_config,0,0,0,0,0,0,0,0,0,0,0,0,0,0,,,,
1416269068.74932,pg_catalog,pg_extension,0,0,0,0,0,0,0,0,0,0,0,0,0,0,,,,
1416269068.74932,pg_catalog,pg_amop,0,0,297052,413537,0,0,0,0,0,0,20698,392839,35034,607685,,,,
1416269068.74932,pg_catalog,pg_cast,0,0,946648,261396,0,0,0,0,0,0,8949,252447,11448,970854,,,,
1416269068.74932,pg_toast,pg_toast_2619,0,0,14712,45195,1068,0,818,0,270,10,4984,18982,1882,18141,,,,
1416269068.74932,pg_toast,pg_toast_2604,0,0,0,0,0,0,0,0,0,0,0,0,0,0,,,,
1416269068.74932,public,lineitem,20,720011475,104846,12976882,60045669,0,0,0,60045802,0,12373594,8595377,176854,1698370,,,,
1416269128.75171,pg_catalog,pg_auth_members,0,0,0,0,0,0,0,0,0,0,0,0,0,0,,,,
1416269128.75171,pg_catalog,pg_operator,0,0,226305,960078,0,0,0,0,0,0,60566,631452,45841,462245,,,,
1416269128.75171,pg_catalog,pg_aggregate,0,0,15151,15151,0,0,0,0,0,0,4586,10565,9189,17896,,,,
1416269128.75171,pg_catalog,pg_pltemplate,0,0,0,0,0,0,0,0,0,0,0,0,0,0,,,,
1416269128.75171,pg_toast,pg_toast_12188,0,0,0,0,0,0,0,0,0,0,0,0,0,0,,,,
1416269128.75171,public,supplier,12,600000,3310116,3314039,100000,0,0,0,100000,0,6670,3327616,569,6637507,,,,
1416269128.75171,pg_catalog,pg_description,0,0,3762,0,0,0,0,0,0,0,0,0,1404,6932,0,0,0,0
1416269128.75171,pg_catalog,pg_language,0,0,0,0,0,0,0,0,0,0,0,0,0,0,,,,
1416269128.75171,pg_catalog,pg_ts_parser,0,0,0,0,0,0,0,0,0,0,0,0,0,0,,,,
1416269128.75171,pg_catalog,pg_shseclabel,0,0,0,0,0,0,0,0,0,0,0,0,0,0,,,,
1416269128.75171,pg_catalog,pg_foreign_table,0,0,0,0,0,0,0,0,0,0,0,0,0,0,,,,
1416269128.75171,public,time_statistics,11,76,,,13,11,0,11,13,11,2,33,,,,,,
1416269128.75171,information_schema,sql_packages,0,0,,,0,0,0,0,0,0,0,0,,,0,0,0,0
1416269128.75171,information_schema,sql_parts,0,0,,,0,0,0,0,0,0,0,0,,,0,0,0,0
1416269128.75171,pg_catalog,pg_attrdef,0,0,0,0,0,0,0,0,0,0,0,0,0,0,0,0,0,0
1416269128.75171,pg_catalog,pg_ts_template,0,0,0,0,0,0,0,0,0,0,0,0,0,0,,,,
1416269128.75171,pg_catalog,pg_foreign_server,0,0,0,0,0,0,0,0,0,0,0,0,0,0,,,,
1416269128.75171,pg_catalog,pg_default_acl,0,0,3288,0,0,0,0,0,0,0,0,0,390,2898,,,,
1416269128.75171,pg_toast,pg_toast_12198,0,0,0,0,0,0,0,0,0,0,0,0,0,0,,,,
1416269128.75171,pg_toast,pg_toast_12208,0,0,0,0,0,0,0,0,0,0,0,0,0,0,,,,
1416269128.75171,pg_catalog,pg_attribute,3278,21754,948457,1851648,6362,220,6184,184,2425,284,94083,928952,44019,1922811,,,,
1416269128.75171,pg_catalog,pg_statistic,0,0,218311,165766,1467,3468,1404,3042,473,111,39334,136983,20878,449763,4987,19000,1882,18182
1416269128.75171,pg_toast,pg_toast_12203,0,0,0,0,0,0,0,0,0,0,0,0,0,0,,,,
1416269128.75171,pg_toast,pg_toast_2618,0,0,12430,40365,0,0,0,0,0,0,9566,12154,3710,15000,,,,
1416269128.75171,pg_toast,pg_toast_3596,0,0,0,0,0,0,0,0,0,0,0,0,0,0,,,,
1416269128.75171,pg_catalog,pg_depend,0,0,34722,37385,6397,0,6307,0,6294,901,6520,43739,11287,88000,,,,
1416269128.75171,information_schema,sql_languages,0,0,,,0,0,0,0,0,0,0,0,,,0,0,0,0
1416269128.75171,public,customer,10,10500000,41,300999,1500000,0,0,0,1500000,0,103811,440229,845,112,,,,
1416269128.75171,pg_catalog,pg_opclass,596,596,185021,2010789,0,0,0,0,0,0,13244,685087,25970,216937,,,,
1416269128.75171,pg_catalog,pg_proc,0,0,403849,594318,0,0,0,0,0,0,71399,392859,69560,825226,0,0,0,0
1416269128.75171,information_schema,sql_implementation_info,0,0,,,0,0,0,0,0,0,0,0,,,0,0,0,0
1416269128.75171,pg_catalog,pg_trigger,0,0,0,0,0,0,0,0,0,0,0,0,0,0,0,0,0,0
1416269128.75171,pg_catalog,pg_am,40537,40537,0,0,0,0,0,0,0,0,7772,32765,0,0,,,,
1416269128.75171,pg_catalog,pg_largeobject_metadata,0,0,0,0,0,0,0,0,0,0,0,0,0,0,,,,
1416269128.75171,pg_catalog,pg_ts_config_map,0,0,0,0,0,0,0,0,0,0,0,0,0,0,,,,
1416269128.75171,pg_catalog,pg_type,0,0,766598,760696,1621,0,1602,0,349,69,23582,744322,29529,1533411,,,,
1416269128.75171,pg_catalog,pg_shdepend,0,0,4614,851,0,0,0,0,0,0,393,458,1747,4503,,,,
1416269128.75171,information_schema,sql_sizing,0,0,,,0,0,0,0,0,0,0,0,,,0,0,0,0
1416269128.75171,pg_catalog,pg_conversion,0,0,0,0,0,0,0,0,0,0,0,0,0,0,,,,
1416269128.75171,pg_catalog,pg_foreign_data_wrapper,0,0,0,0,0,0,0,0,0,0,0,0,0,0,,,,
1416269128.75171,pg_catalog,pg_opfamily,0,0,0,0,0,0,0,0,0,0,0,0,0,0,,,,
1416269128.75171,pg_catalog,pg_shdescription,0,0,0,0,0,0,0,0,0,0,0,0,0,0,0,0,0,0
1416269128.75171,pg_catalog,pg_tablespace,2,4,29617,29617,0,0,0,0,0,0,6158,23461,12350,46884,,,,
1416269128.75171,pg_catalog,pg_inherits,0,0,812,0,0,0,0,0,0,0,0,0,402,410,,,,
1416269128.75171,public,part,10,16000000,52,2037293,2000000,0,0,0,2000000,0,132936,426534,5729,144,,,,
1416269128.75171,public,region,6429,32120,14,14,5,0,0,0,5,0,3,6437,6,13,,,,
1416269128.75171,pg_toast,pg_toast_2606,0,0,0,0,0,0,0,0,0,0,0,0,0,0,,,,
1416269128.75171,pg_toast,pg_toast_2964,0,0,0,0,0,0,0,0,0,0,0,0,0,0,,,,
1416269128.75171,pg_catalog,pg_database,9245,36482,175458,175456,1,0,0,0,1,0,8146,176556,36699,224326,,,,
1416269128.75171,pg_toast,pg_toast_2620,0,0,0,0,0,0,0,0,0,0,0,0,0,0,,,,
1416269128.75171,pg_toast,pg_toast_12213,0,0,0,0,0,0,0,0,0,0,0,0,0,0,,,,
1416269128.75171,pg_catalog,pg_amproc,596,1192,144015,214109,0,0,0,0,0,0,9756,132557,26574,301189,,,,
1416269128.75171,public,partsupp,4,24000000,48369,9716055,8000000,0,0,0,8000000,0,511569,2830194,37622,134257,,,,
1416269128.75171,public,nation,14,150,3310109,3310109,25,0,0,0,25,0,3,3310114,6,3310117,,,,
1416269128.75171,pg_catalog,pg_collation,0,0,0,0,0,0,0,0,0,0,0,0,0,0,,,,
1416269128.75171,pg_catalog,pg_constraint,0,0,344,168,176,0,168,0,10,0,99,978,178,1754,0,0,0,0
1416269128.75171,pg_catalog,pg_range,0,0,5452,0,0,0,0,0,0,0,0,0,7043,3861,,,,
1416269128.75171,pg_catalog,pg_user_mapping,0,0,0,0,0,0,0,0,0,0,0,0,0,0,,,,
1416269128.75171,pg_catalog,pg_largeobject,0,0,0,0,0,0,0,0,0,0,0,0,0,0,,,,
1416269128.75171,pg_catalog,pg_namespace,6559,178196,491329,454695,28,0,0,0,28,0,6755,454570,17498,516143,,,,
1416269128.75171,pg_catalog,pg_authid,3241,3241,73716,73716,0,0,0,0,0,0,6961,69996,25870,121562,,,,
1416269128.75171,pg_toast,pg_toast_12193,0,0,0,0,0,0,0,0,0,0,0,0,0,0,,,,
1416269128.75171,pg_catalog,pg_index,14451,1699635,320551,456042,804,0,776,0,138,0,29623,451585,28256,359686,,,,
1416269128.75171,pg_catalog,pg_ts_dict,0,0,0,0,0,0,0,0,0,0,0,0,0,0,,,,
1416269128.75171,information_schema,sql_features,0,0,,,0,0,0,0,0,0,0,0,,,0,0,0,0
1416269128.75171,pg_catalog,pg_class,37250,9262001,1432476,1386516,1626,404,1588,390,326,107,72736,1677353,60558,2870739,,,,
1416269128.75171,pg_toast,pg_toast_12183,0,0,0,0,0,0,0,0,0,0,0,0,0,0,,,,
1416269128.75171,public,orders,11,75015000,4697648,9259608,15015000,0,0,0,15015000,0,1088826,6180012,97581,14168999,,,,
1416269128.75171,information_schema,sql_sizing_profiles,0,0,,,0,0,0,0,0,0,0,0,,,0,0,0,0
1416269128.75171,pg_toast,pg_toast_2396,0,0,0,0,0,0,0,0,0,0,0,0,0,0,,,,
1416269128.75171,pg_catalog,pg_enum,0,0,0,0,0,0,0,0,0,0,0,0,0,0,,,,
1416269128.75171,pg_catalog,pg_db_role_setting,0,0,128472,0,0,0,0,0,0,0,0,0,7984,120488,0,0,0,0
1416269128.75171,pg_catalog,pg_seclabel,0,0,3762,0,0,0,0,0,0,0,0,0,432,3330,0,0,0,0
1416269128.75171,pg_toast,pg_toast_2609,0,0,0,0,0,0,0,0,0,0,0,0,0,0,,,,
1416269128.75171,pg_toast,pg_toast_1255,0,0,0,0,0,0,0,0,0,0,0,0,0,0,,,,
1416269128.75171,pg_catalog,pg_rewrite,0,0,24079,22867,404,0,404,0,107,3,11144,14990,4778,36438,9566,12154,3710,15000
1416269128.75171,pg_catalog,pg_ts_config,0,0,0,0,0,0,0,0,0,0,0,0,0,0,,,,
1416269128.75171,pg_catalog,pg_extension,0,0,0,0,0,0,0,0,0,0,0,0,0,0,,,,
1416269128.75171,pg_catalog,pg_amop,0,0,297134,413642,0,0,0,0,0,0,20698,392944,35034,607866,,,,
1416269128.75171,pg_catalog,pg_cast,0,0,946845,261460,0,0,0,0,0,0,8949,252511,11448,971063,,,,
1416269128.75171,pg_toast,pg_toast_2619,0,0,14729,45240,1068,0,818,0,270,10,4987,19000,1882,18182,,,,
1416269128.75171,pg_toast,pg_toast_2604,0,0,0,0,0,0,0,0,0,0,0,0,0,0,,,,
1416269128.75171,public,lineitem,22,840102813,798303,14249581,60045669,0,0,0,60045802,0,13471795,10335786,338993,4313690,,,,
1416269188.75632,pg_catalog,pg_auth_members,0,0,0,0,0,0,0,0,0,0,0,0,0,0,,,,
1416269188.75632,pg_catalog,pg_operator,0,0,226372,960303,0,0,0,0,0,0,60567,631614,45841,462403,,,,
1416269188.75632,pg_catalog,pg_aggregate,0,0,15156,15156,0,0,0,0,0,0,4586,10570,9189,17905,,,,
1416269188.75632,pg_catalog,pg_pltemplate,0,0,0,0,0,0,0,0,0,0,0,0,0,0,,,,
1416269188.75632,pg_toast,pg_toast_12188,0,0,0,0,0,0,0,0,0,0,0,0,0,0,,,,
1416269188.75632,public,supplier,12,600000,3310116,3314039,100000,0,0,0,100000,0,6670,3327616,569,6637507,,,,
1416269188.75632,pg_catalog,pg_description,0,0,3762,0,0,0,0,0,0,0,0,0,1404,6932,0,0,0,0
1416269188.75632,pg_catalog,pg_language,0,0,0,0,0,0,0,0,0,0,0,0,0,0,,,,
1416269188.75632,pg_catalog,pg_ts_parser,0,0,0,0,0,0,0,0,0,0,0,0,0,0,,,,
1416269188.75632,pg_catalog,pg_shseclabel,0,0,0,0,0,0,0,0,0,0,0,0,0,0,,,,
1416269188.75632,pg_catalog,pg_foreign_table,0,0,0,0,0,0,0,0,0,0,0,0,0,0,,,,
1416269188.75632,public,time_statistics,13,103,,,15,13,0,13,15,13,2,39,,,,,,
1416269188.75632,information_schema,sql_packages,0,0,,,0,0,0,0,0,0,0,0,,,0,0,0,0
1416269188.75632,information_schema,sql_parts,0,0,,,0,0,0,0,0,0,0,0,,,0,0,0,0
1416269188.75632,pg_catalog,pg_attrdef,0,0,0,0,0,0,0,0,0,0,0,0,0,0,0,0,0,0
1416269188.75632,pg_catalog,pg_ts_template,0,0,0,0,0,0,0,0,0,0,0,0,0,0,,,,
1416269188.75632,pg_catalog,pg_foreign_server,0,0,0,0,0,0,0,0,0,0,0,0,0,0,,,,
1416269188.75632,pg_catalog,pg_default_acl,0,0,3288,0,0,0,0,0,0,0,0,0,390,2898,,,,
1416269188.75632,pg_toast,pg_toast_12198,0,0,0,0,0,0,0,0,0,0,0,0,0,0,,,,
1416269188.75632,pg_toast,pg_toast_12208,0,0,0,0,0,0,0,0,0,0,0,0,0,0,,,,
1416269188.75632,pg_catalog,pg_attribute,3278,21754,948895,1852410,6362,220,6184,184,2425,284,94083,929392,44019,1923700,,,,
1416269188.75632,pg_catalog,pg_statistic,0,0,218384,165821,1467,3468,1404,3042,473,111,39334,137038,20878,449923,4995,19021,1882,18234
1416269188.75632,pg_toast,pg_toast_12203,0,0,0,0,0,0,0,0,0,0,0,0,0,0,,,,
1416269188.75632,pg_toast,pg_toast_2618,0,0,12438,40391,0,0,0,0,0,0,9566,12168,3710,15012,,,,
1416269188.75632,pg_toast,pg_toast_3596,0,0,0,0,0,0,0,0,0,0,0,0,0,0,,,,
1416269188.75632,pg_catalog,pg_depend,0,0,34722,37385,6397,0,6307,0,6294,901,6520,43739,11287,88000,,,,
1416269188.75632,information_schema,sql_languages,0,0,,,0,0,0,0,0,0,0,0,,,0,0,0,0
1416269188.75632,public,customer,11,12000000,48,601281,1500000,0,0,0,1500000,0,111293,503308,2005,127,,,,
1416269188.75632,pg_catalog,pg_opclass,596,596,185086,2011546,0,0,0,0,0,0,13244,685345,25970,217023,,,,
1416269188.75632,pg_catalog,pg_proc,0,0,404043,594590,0,0,0,0,0,0,71403,393080,69561,825655,0,0,0,0
1416269188.75632,information_schema,sql_implementation_info,0,0,,,0,0,0,0,0,0,0,0,,,0,0,0,0
1416269188.75632,pg_catalog,pg_trigger,0,0,0,0,0,0,0,0,0,0,0,0,0,0,0,0,0,0
1416269188.75632,pg_catalog,pg_am,40550,40550,0,0,0,0,0,0,0,0,7772,32778,0,0,,,,
1416269188.75632,pg_catalog,pg_largeobject_metadata,0,0,0,0,0,0,0,0,0,0,0,0,0,0,,,,
1416269188.75632,pg_catalog,pg_ts_config_map,0,0,0,0,0,0,0,0,0,0,0,0,0,0,,,,
1416269188.75632,pg_catalog,pg_type,0,0,766910,761006,1621,0,1602,0,349,69,23582,744632,29533,1534051,,,,
1416269188.75632,pg_catalog,pg_shdepend,0,0,4614,851,0,0,0,0,0,0,393,458,1747,4503,,,,
1416269188.75632,information_schema,sql_sizing,0,0,,,0,0,0,0,0,0,0,0,,,0,0,0,0
1416269188.75632,pg_catalog,pg_conversion,0,0,0,0,0,0,0,0,0,0,0,0,0,0,,,,
1416269188.75632,pg_catalog,pg_foreign_data_wrapper,0,0,0,0,0,0,0,0,0,0,0,0,0,0,,,,
1416269188.75632,pg_catalog,pg_opfamily,0,0,0,0,0,0,0,0,0,0,0,0,0,0,,,,
1416269188.75632,pg_catalog,pg_shdescription,0,0,0,0,0,0,0,0,0,0,0,0,0,0,0,0,0,0
1416269188.75632,pg_catalog,pg_tablespace,2,4,29631,29631,0,0,0,0,0,0,6158,23475,12350,46912,,,,
1416269188.75632,pg_catalog,pg_inherits,0,0,812,0,0,0,0,0,0,0,0,0,402,410,,,,
1416269188.75632,public,part,10,16000000,52,2037293,2000000,0,0,0,2000000,0,132936,426534,5729,144,,,,
1416269188.75632,public,region,6429,32120,14,14,5,0,0,0,5,0,3,6437,6,13,,,,
1416269188.75632,pg_toast,pg_toast_2606,0,0,0,0,0,0,0,0,0,0,0,0,0,0,,,,
1416269188.75632,pg_toast,pg_toast_2964,0,0,0,0,0,0,0,0,0,0,0,0,0,0,,,,
1416269188.75632,pg_catalog,pg_database,9249,36498,175514,175512,1,0,0,0,1,0,8146,176616,36699,224410,,,,
1416269188.75632,pg_toast,pg_toast_2620,0,0,0,0,0,0,0,0,0,0,0,0,0,0,,,,
1416269188.75632,pg_toast,pg_toast_12213,0,0,0,0,0,0,0,0,0,0,0,0,0,0,,,,
1416269188.75632,pg_catalog,pg_amproc,596,1192,144066,214185,0,0,0,0,0,0,9756,132608,26574,301304,,,,
1416269188.75632,public,partsupp,4,24000000,48369,9716055,8000000,0,0,0,8000000,0,511569,2830194,37622,134257,,,,
1416269188.75632,public,nation,14,150,3310109,3310109,25,0,0,0,25,0,3,3310114,6,3310117,,,,
1416269188.75632,pg_catalog,pg_collation,0,0,0,0,0,0,0,0,0,0,0,0,0,0,,,,
1416269188.75632,pg_catalog,pg_constraint,0,0,344,168,176,0,168,0,10,0,99,978,178,1754,0,0,0,0
1416269188.75632,pg_catalog,pg_range,0,0,5454,0,0,0,0,0,0,0,0,0,7043,3865,,,,
1416269188.75632,pg_catalog,pg_user_mapping,0,0,0,0,0,0,0,0,0,0,0,0,0,0,,,,
1416269188.75632,pg_catalog,pg_largeobject,0,0,0,0,0,0,0,0,0,0,0,0,0,0,,,,
1416269188.75632,pg_catalog,pg_namespace,6563,178332,491651,455001,28,0,0,0,28,0,6755,454880,17498,516483,,,,
1416269188.75632,pg_catalog,pg_authid,3243,3243,73740,73740,0,0,0,0,0,0,6961,70022,25870,121610,,,,
1416269188.75632,pg_toast,pg_toast_12193,0,0,0,0,0,0,0,0,0,0,0,0,0,0,,,,
1416269188.75632,pg_catalog,pg_index,14459,1700739,320653,456183,804,0,776,0,138,0,29623,451742,28256,359813,,,,
1416269188.75632,pg_catalog,pg_ts_dict,0,0,0,0,0,0,0,0,0,0,0,0,0,0,,,,
1416269188.75632,information_schema,sql_features,0,0,,,0,0,0,0,0,0,0,0,,,0,0,0,0
1416269188.75632,pg_catalog,pg_class,37268,9267300,1433214,1387245,1626,404,1588,390,326,107,72736,1678264,60558,2872246,,,,
1416269188.75632,pg_toast,pg_toast_12183,0,0,0,0,0,0,0,0,0,0,0,0,0,0,,,,
1416269188.75632,public,orders,13,105045000,4697650,9259610,15015000,0,0,0,15015000,0,1089882,6686002,97582,14169005,,,,
1416269188.75632,information_schema,sql_sizing_profiles,0,0,,,0,0,0,0,0,0,0,0,,,0,0,0,0
1416269188.75632,pg_toast,pg_toast_2396,0,0,0,0,0,0,0,0,0,0,0,0,0,0,,,,
1416269188.75632,pg_catalog,pg_enum,0,0,0,0,0,0,0,0,0,0,0,0,0,0,,,,
1416269188.75632,pg_catalog,pg_db_role_setting,0,0,128514,0,0,0,0,0,0,0,0,0,7984,120530,0,0,0,0
1416269188.75632,pg_catalog,pg_seclabel,0,0,3762,0,0,0,0,0,0,0,0,0,432,3330,0,0,0,0
1416269188.75632,pg_toast,pg_toast_2609,0,0,0,0,0,0,0,0,0,0,0,0,0,0,,,,
1416269188.75632,pg_toast,pg_toast_1255,0,0,0,0,0,0,0,0,0,0,0,0,0,0,,,,
1416269188.75632,pg_catalog,pg_rewrite,0,0,24093,22881,404,0,404,0,107,3,11144,15004,4778,36462,9566,12168,3710,15012
1416269188.75632,pg_catalog,pg_ts_config,0,0,0,0,0,0,0,0,0,0,0,0,0,0,,,,
1416269188.75632,pg_catalog,pg_extension,0,0,0,0,0,0,0,0,0,0,0,0,0,0,,,,
1416269188.75632,pg_catalog,pg_amop,0,0,297247,413799,0,0,0,0,0,0,20698,393101,35034,608114,,,,
1416269188.75632,pg_catalog,pg_cast,0,0,947163,261561,0,0,0,0,0,0,8949,252612,11448,971397,,,,
1416269188.75632,pg_toast,pg_toast_2619,0,0,14751,45307,1068,0,818,0,270,10,4995,19021,1882,18234,,,,
1416269188.75632,pg_toast,pg_toast_2604,0,0,0,0,0,0,0,0,0,0,0,0,0,0,,,,
1416269188.75632,public,lineitem,23,900148482,798305,14249583,60045669,0,0,0,60045802,0,13987920,10886138,338994,4313698,,,,
1416269248.75567,pg_catalog,pg_auth_members,0,0,0,0,0,0,0,0,0,0,0,0,0,0,,,,
1416269248.75567,pg_catalog,pg_operator,0,0,226452,960613,0,0,0,0,0,0,60567,631838,45842,462592,,,,
1416269248.75567,pg_catalog,pg_aggregate,0,0,15163,15163,0,0,0,0,0,0,4586,10577,9189,17917,,,,
1416269248.75567,pg_catalog,pg_pltemplate,0,0,0,0,0,0,0,0,0,0,0,0,0,0,,,,
1416269248.75567,pg_toast,pg_toast_12188,0,0,0,0,0,0,0,0,0,0,0,0,0,0,,,,
1416269248.75567,public,supplier,12,600000,3310117,3314095,100000,0,0,0,100000,0,6670,3327671,571,6637507,,,,
1416269248.75567,pg_catalog,pg_description,0,0,3762,0,0,0,0,0,0,0,0,0,1404,6932,0,0,0,0
1416269248.75567,pg_catalog,pg_language,0,0,0,0,0,0,0,0,0,0,0,0,0,0,,,,
1416269248.75567,pg_catalog,pg_ts_parser,0,0,0,0,0,0,0,0,0,0,0,0,0,0,,,,
1416269248.75567,pg_catalog,pg_shseclabel,0,0,0,0,0,0,0,0,0,0,0,0,0,0,,,,
1416269248.75567,pg_catalog,pg_foreign_table,0,0,0,0,0,0,0,0,0,0,0,0,0,0,,,,
1416269248.75567,public,time_statistics,16,151,,,18,16,0,16,18,16,2,48,,,,,,
1416269248.75567,information_schema,sql_packages,0,0,,,0,0,0,0,0,0,0,0,,,0,0,0,0
1416269248.75567,information_schema,sql_parts,0,0,,,0,0,0,0,0,0,0,0,,,0,0,0,0
1416269248.75567,pg_catalog,pg_attrdef,0,0,0,0,0,0,0,0,0,0,0,0,0,0,0,0,0,0
1416269248.75567,pg_catalog,pg_ts_template,0,0,0,0,0,0,0,0,0,0,0,0,0,0,,,,
1416269248.75567,pg_catalog,pg_foreign_server,0,0,0,0,0,0,0,0,0,0,0,0,0,0,,,,
1416269248.75567,pg_catalog,pg_default_acl,0,0,3288,0,0,0,0,0,0,0,0,0,390,2898,,,,
1416269248.75567,pg_toast,pg_toast_12198,0,0,0,0,0,0,0,0,0,0,0,0,0,0,,,,
1416269248.75567,pg_toast,pg_toast_12208,0,0,0,0,0,0,0,0,0,0,0,0,0,0,,,,
1416269248.75567,pg_catalog,pg_attribute,3278,21754,949389,1853296,6362,220,6184,184,2425,284,94086,929885,44019,1924712,,,,
1416269248.75567,pg_catalog,pg_statistic,0,0,218468,165882,1467,3468,1404,3042,473,111,39336,137097,20878,450108,5011,19041,1882,18293
1416269248.75567,pg_toast,pg_toast_12203,0,0,0,0,0,0,0,0,0,0,0,0,0,0,,,,
1416269248.75567,pg_toast,pg_toast_2618,0,0,12446,40417,0,0,0,0,0,0,9569,12179,3710,15024,,,,
1416269248.75567,pg_toast,pg_toast_3596,0,0,0,0,0,0,0,0,0,0,0,0,0,0,,,,
1416269248.75567,pg_catalog,pg_depend,0,0,34722,37385,6397,0,6307,0,6294,901,6520,43739,11287,88000,,,,
1416269248.75567,information_schema,sql_languages,0,0,,,0,0,0,0,0,0,0,0,,,0,0,0,0
1416269248.75567,public,customer,11,12000000,64,1174290,1500000,0,0,0,1500000,0,111293,573765,3601,146,,,,
1416269248.75567,pg_catalog,pg_opclass,596,596,185168,2012396,0,0,0,0,0,0,13244,685643,25970,217138,,,,
1416269248.75567,pg_catalog,pg_proc,0,0,404258,594901,0,0,0,0,0,0,71406,393329,69562,826135,0,0,0,0
1416269248.75567,information_schema,sql_implementation_info,0,0,,,0,0,0,0,0,0,0,0,,,0,0,0,0
1416269248.75567,pg_catalog,pg_trigger,0,0,0,0,0,0,0,0,0,0,0,0,0,0,0,0,0,0
1416269248.75567,pg_catalog,pg_am,40574,40574,0,0,0,0,0,0,0,0,7772,32802,0,0,,,,
1416269248.75567,pg_catalog,pg_largeobject_metadata,0,0,0,0,0,0,0,0,0,0,0,0,0,0,,,,
1416269248.75567,pg_catalog,pg_ts_config_map,0,0,0,0,0,0,0,0,0,0,0,0,0,0,,,,
1416269248.75567,pg_catalog,pg_type,0,0,767311,761405,1621,0,1602,0,349,69,23582,745031,29533,1534877,,,,
1416269248.75567,pg_catalog,pg_shdepend,0,0,4614,851,0,0,0,0,0,0,393,458,1747,4503,,,,
1416269248.75567,information_schema,sql_sizing,0,0,,,0,0,0,0,0,0,0,0,,,0,0,0,0
1416269248.75567,pg_catalog,pg_conversion,0,0,0,0,0,0,0,0,0,0,0,0,0,0,,,,
1416269248.75567,pg_catalog,pg_foreign_data_wrapper,0,0,0,0,0,0,0,0,0,0,0,0,0,0,,,,
1416269248.75567,pg_catalog,pg_opfamily,0,0,0,0,0,0,0,0,0,0,0,0,0,0,,,,
1416269248.75567,pg_catalog,pg_shdescription,0,0,0,0,0,0,0,0,0,0,0,0,0,0,0,0,0,0
1416269248.75567,pg_catalog,pg_tablespace,2,4,29648,29648,0,0,0,0,0,0,6158,23492,12350,46946,,,,
1416269248.75567,pg_catalog,pg_inherits,0,0,812,0,0,0,0,0,0,0,0,0,402,410,,,,
1416269248.75567,public,part,10,16000000,62,2356760,2000000,0,0,0,2000000,0,173449,426536,6623,155,,,,
1416269248.75567,public,region,6429,32120,14,14,5,0,0,0,5,0,3,6437,6,13,,,,
1416269248.75567,pg_toast,pg_toast_2606,0,0,0,0,0,0,0,0,0,0,0,0,0,0,,,,
1416269248.75567,pg_toast,pg_toast_2964,0,0,0,0,0,0,0,0,0,0,0,0,0,0,,,,
1416269248.75567,pg_catalog,pg_database,9253,36514,175607,175605,1,0,0,0,1,0,8146,176713,36699,224553,,,,
1416269248.75567,pg_toast,pg_toast_2620,0,0,0,0,0,0,0,0,0,0,0,0,0,0,,,,
1416269248.75567,pg_toast,pg_toast_12213,0,0,0,0,0,0,0,0,0,0,0,0,0,0,,,,
1416269248.75567,pg_catalog,pg_amproc,596,1192,144143,214295,0,0,0,0,0,0,9756,132681,26574,301482,,,,
1416269248.75567,public,partsupp,5,32000000,48371,9716057,8000000,0,0,0,8000000,0,682527,2830196,37628,134258,,,,
1416269248.75567,public,nation,14,150,3310109,3310109,25,0,0,0,25,0,3,3310114,6,3310117,,,,
1416269248.75567,pg_catalog,pg_collation,0,0,0,0,0,0,0,0,0,0,0,0,0,0,,,,
1416269248.75567,pg_catalog,pg_constraint,0,0,344,168,176,0,168,0,10,0,99,978,178,1754,0,0,0,0
1416269248.75567,pg_catalog,pg_range,0,0,5457,0,0,0,0,0,0,0,0,0,7043,3871,,,,
1416269248.75567,pg_catalog,pg_user_mapping,0,0,0,0,0,0,0,0,0,0,0,0,0,0,,,,
1416269248.75567,pg_catalog,pg_largeobject,0,0,0,0,0,0,0,0,0,0,0,0,0,0,,,,
1416269248.75567,pg_catalog,pg_namespace,6567,178468,491985,455315,28,0,0,0,28,0,6755,455198,17499,516838,,,,
1416269248.75567,pg_catalog,pg_authid,3246,3246,73786,73786,0,0,0,0,0,0,6961,70071,25870,121702,,,,
1416269248.75567,pg_toast,pg_toast_12193,0,0,0,0,0,0,0,0,0,0,0,0,0,0,,,,
1416269248.75567,pg_catalog,pg_index,14467,1701843,320778,456352,804,0,776,0,138,0,29623,451927,28256,359976,,,,
1416269248.75567,pg_catalog,pg_ts_dict,0,0,0,0,0,0,0,0,0,0,0,0,0,0,,,,
1416269248.75567,information_schema,sql_features,0,0,,,0,0,0,0,0,0,0,0,,,0,0,0,0
1416269248.75567,pg_catalog,pg_class,37286,9272599,1434004,1388022,1626,404,1588,390,326,107,72737,1679222,60558,2873872,,,,
1416269248.75567,pg_toast,pg_toast_12183,0,0,0,0,0,0,0,0,0,0,0,0,0,0,,,,
1416269248.75567,public,orders,14,120060000,4697653,9832925,15015000,0,0,0,15015000,0,1116863,7141013,99151,14169012,,,,
1416269248.75567,information_schema,sql_sizing_profiles,0,0,,,0,0,0,0,0,0,0,0,,,0,0,0,0
1416269248.75567,pg_toast,pg_toast_2396,0,0,0,0,0,0,0,0,0,0,0,0,0,0,,,,
1416269248.75567,pg_catalog,pg_enum,0,0,0,0,0,0,0,0,0,0,0,0,0,0,,,,
1416269248.75567,pg_catalog,pg_db_role_setting,0,0,128589,0,0,0,0,0,0,0,0,0,7984,120605,0,0,0,0
1416269248.75567,pg_catalog,pg_seclabel,0,0,3762,0,0,0,0,0,0,0,0,0,432,3330,0,0,0,0
1416269248.75567,pg_toast,pg_toast_2609,0,0,0,0,0,0,0,0,0,0,0,0,0,0,,,,
1416269248.75567,pg_toast,pg_toast_1255,0,0,0,0,0,0,0,0,0,0,0,0,0,0,,,,
1416269248.75567,pg_catalog,pg_rewrite,0,0,24108,22896,404,0,404,0,107,3,11147,15016,4778,36488,9569,12179,3710,15024
1416269248.75567,pg_catalog,pg_ts_config,0,0,0,0,0,0,0,0,0,0,0,0,0,0,,,,
1416269248.75567,pg_catalog,pg_extension,0,0,0,0,0,0,0,0,0,0,0,0,0,0,,,,
1416269248.75567,pg_catalog,pg_amop,0,0,297385,413991,0,0,0,0,0,0,20698,393293,35034,608417,,,,
1416269248.75567,pg_catalog,pg_cast,0,0,947593,261671,0,0,0,0,0,0,8949,252722,11448,971847,,,,
1416269248.75567,pg_toast,pg_toast_2619,0,0,14776,45387,1068,0,818,0,270,10,5011,19041,1882,18293,,,,
1416269248.75567,pg_toast,pg_toast_2604,0,0,0,0,0,0,0,0,0,0,0,0,0,0,,,,
1416269248.75567,public,lineitem,23,900148482,798308,52216701,60045669,0,0,0,60045802,0,15008741,11026173,442827,4313707,,,,
1416269308.75805,pg_catalog,pg_auth_members,0,0,0,0,0,0,0,0,0,0,0,0,0,0,,,,
1416269308.75805,pg_catalog,pg_operator,0,0,226523,960866,0,0,0,0,0,0,60568,632023,45844,462755,,,,
1416269308.75805,pg_catalog,pg_aggregate,0,0,15168,15168,0,0,0,0,0,0,4586,10582,9189,17926,,,,
1416269308.75805,pg_catalog,pg_pltemplate,0,0,0,0,0,0,0,0,0,0,0,0,0,0,,,,
1416269308.75805,pg_toast,pg_toast_12188,0,0,0,0,0,0,0,0,0,0,0,0,0,0,,,,
1416269308.75805,public,supplier,12,600000,3310128,3362921,100000,0,0,0,100000,0,8648,3330415,699,6637535,,,,
1416269308.75805,pg_catalog,pg_description,0,0,3766,0,0,0,0,0,0,0,0,0,1407,6938,0,0,0,0
1416269308.75805,pg_catalog,pg_language,0,0,0,0,0,0,0,0,0,0,0,0,0,0,,,,
1416269308.75805,pg_catalog,pg_ts_parser,0,0,0,0,0,0,0,0,0,0,0,0,0,0,,,,
1416269308.75805,pg_catalog,pg_shseclabel,0,0,0,0,0,0,0,0,0,0,0,0,0,0,,,,
1416269308.75805,pg_catalog,pg_foreign_table,0,0,0,0,0,0,0,0,0,0,0,0,0,0,,,,
1416269308.75805,public,time_statistics,18,188,,,20,18,0,18,20,18,2,54,,,,,,
1416269308.75805,information_schema,sql_packages,0,0,,,0,0,0,0,0,0,0,0,,,0,0,0,0
1416269308.75805,information_schema,sql_parts,0,0,,,0,0,0,0,0,0,0,0,,,0,0,0,0
1416269308.75805,pg_catalog,pg_attrdef,0,0,0,0,0,0,0,0,0,0,0,0,0,0,0,0,0,0
1416269308.75805,pg_catalog,pg_ts_template,0,0,0,0,0,0,0,0,0,0,0,0,0,0,,,,
1416269308.75805,pg_catalog,pg_foreign_server,0,0,0,0,0,0,0,0,0,0,0,0,0,0,,,,
1416269308.75805,pg_catalog,pg_default_acl,0,0,3292,0,0,0,0,0,0,0,0,0,391,2901,,,,
1416269308.75805,pg_toast,pg_toast_12198,0,0,0,0,0,0,0,0,0,0,0,0,0,0,,,,
1416269308.75805,pg_toast,pg_toast_12208,0,0,0,0,0,0,0,0,0,0,0,0,0,0,,,,
1416269308.75805,pg_catalog,pg_attribute,3278,21754,949834,1854083,6364,220,6186,184,2425,286,94094,930331,44022,1925625,,,,
1416269308.75805,pg_catalog,pg_statistic,0,0,218539,165936,1467,3468,1404,3042,473,111,39338,137149,20878,450263,5028,19062,1882,18353
1416269308.75805,pg_toast,pg_toast_12203,0,0,0,0,0,0,0,0,0,0,0,0,0,0,,,,
1416269308.75805,pg_toast,pg_toast_2618,0,0,12454,40443,0,0,0,0,0,0,9569,12193,3710,15036,,,,
1416269308.75805,pg_toast,pg_toast_3596,0,0,0,0,0,0,0,0,0,0,0,0,0,0,,,,
1416269308.75805,pg_catalog,pg_depend,0,0,34766,37437,6406,0,6316,0,6294,910,6535,43786,11307,88106,,,,
1416269308.75805,information_schema,sql_languages,0,0,,,0,0,0,0,0,0,0,0,,,0,0,0,0
1416269308.75805,public,customer,11,12000000,64,1174290,1500000,0,0,0,1500000,0,111293,573765,3601,146,,,,
1416269308.75805,pg_catalog,pg_opclass,596,596,185225,2012993,0,0,0,0,0,0,13244,685847,25970,217220,,,,
1416269308.75805,pg_catalog,pg_proc,0,0,404448,595187,0,0,0,0,0,0,71411,393544,69564,826553,0,0,0,0
1416269308.75805,information_schema,sql_implementation_info,0,0,,,0,0,0,0,0,0,0,0,,,0,0,0,0
1416269308.75805,pg_catalog,pg_trigger,0,0,0,0,0,0,0,0,0,0,0,0,0,0,0,0,0,0
1416269308.75805,pg_catalog,pg_am,40591,40591,0,0,0,0,0,0,0,0,7772,32819,0,0,,,,
1416269308.75805,pg_catalog,pg_largeobject_metadata,0,0,0,0,0,0,0,0,0,0,0,0,0,0,,,,
1416269308.75805,pg_catalog,pg_ts_config_map,0,0,0,0,0,0,0,0,0,0,0,0,0,0,,,,
1416269308.75805,pg_catalog,pg_type,0,0,767617,761706,1623,0,1604,0,349,71,23587,745336,29537,1535509,,,,
1416269308.75805,pg_catalog,pg_shdepend,0,0,4619,852,0,0,0,0,0,0,394,458,1751,4506,,,,
1416269308.75805,information_schema,sql_sizing,0,0,,,0,0,0,0,0,0,0,0,,,0,0,0,0
1416269308.75805,pg_catalog,pg_conversion,0,0,0,0,0,0,0,0,0,0,0,0,0,0,,,,
1416269308.75805,pg_catalog,pg_foreign_data_wrapper,0,0,0,0,0,0,0,0,0,0,0,0,0,0,,,,
1416269308.75805,pg_catalog,pg_opfamily,0,0,0,0,0,0,0,0,0,0,0,0,0,0,,,,
1416269308.75805,pg_catalog,pg_shdescription,0,0,0,0,0,0,0,0,0,0,0,0,0,0,0,0,0,0
1416269308.75805,pg_catalog,pg_tablespace,2,4,29661,29661,0,0,0,0,0,0,6158,23505,12350,46972,,,,
1416269308.75805,pg_catalog,pg_inherits,0,0,813,0,0,0,0,0,0,0,0,0,403,410,,,,
1416269308.75805,public,part,10,16000000,62,2356760,2000000,0,0,0,2000000,0,173449,426536,6623,155,,,,
1416269308.75805,public,region,6429,32120,14,14,5,0,0,0,5,0,3,6437,6,13,,,,
1416269308.75805,pg_toast,pg_toast_2606,0,0,0,0,0,0,0,0,0,0,0,0,0,0,,,,
1416269308.75805,pg_toast,pg_toast_2964,0,0,0,0,0,0,0,0,0,0,0,0,0,0,,,,
1416269308.75805,pg_catalog,pg_database,9257,36530,175667,175665,1,0,0,0,1,0,8146,176777,36699,224649,,,,
1416269308.75805,pg_toast,pg_toast_2620,0,0,0,0,0,0,0,0,0,0,0,0,0,0,,,,
1416269308.75805,pg_toast,pg_toast_12213,0,0,0,0,0,0,0,0,0,0,0,0,0,0,,,,
1416269308.75805,pg_catalog,pg_amproc,596,1192,144190,214369,0,0,0,0,0,0,9756,132728,26574,301593,,,,
1416269308.75805,public,partsupp,5,32000000,56227,10343905,8000000,0,0,0,8000000,0,827436,3313135,42077,155086,,,,
1416269308.75805,public,nation,16,200,3310113,3310113,25,0,0,0,25,0,4,3310119,8,3310120,,,,
1416269308.75805,pg_catalog,pg_collation,0,0,0,0,0,0,0,0,0,0,0,0,0,0,,,,
1416269308.75805,pg_catalog,pg_constraint,0,0,344,168,176,0,168,0,10,0,99,978,178,1754,0,0,0,0
1416269308.75805,pg_catalog,pg_range,0,0,5459,0,0,0,0,0,0,0,0,0,7043,3875,,,,
1416269308.75805,pg_catalog,pg_user_mapping,0,0,0,0,0,0,0,0,0,0,0,0,0,0,,,,
1416269308.75805,pg_catalog,pg_largeobject,0,0,0,0,0,0,0,0,0,0,0,0,0,0,,,,
1416269308.75805,pg_catalog,pg_namespace,6571,178604,492306,455621,28,0,0,0,28,0,6755,455508,17499,517177,,,,
1416269308.75805,pg_catalog,pg_authid,3247,3247,73818,73818,0,0,0,0,0,0,6961,70104,25870,121766,,,,
1416269308.75805,pg_toast,pg_toast_12193,0,0,0,0,0,0,0,0,0,0,0,0,0,0,,,,
1416269308.75805,pg_catalog,pg_index,14475,1702947,320887,456496,804,0,776,0,138,0,29623,452088,28256,360113,,,,
1416269308.75805,pg_catalog,pg_ts_dict,0,0,0,0,0,0,0,0,0,0,0,0,0,0,,,,
1416269308.75805,information_schema,sql_features,0,0,,,0,0,0,0,0,0,0,0,,,0,0,0,0
1416269308.75805,pg_catalog,pg_class,37304,9277898,1434759,1388765,1627,405,1589,391,326,109,72740,1680151,60558,2875420,,,,
1416269308.75805,pg_toast,pg_toast_12183,0,0,0,0,0,0,0,0,0,0,0,0,0,0,,,,
1416269308.75805,public,orders,14,120060000,4697653,9832925,15015000,0,0,0,15015000,0,1116863,7141013,99151,14169012,,,,
1416269308.75805,information_schema,sql_sizing_profiles,0,0,,,0,0,0,0,0,0,0,0,,,0,0,0,0
1416269308.75805,pg_toast,pg_toast_2396,0,0,0,0,0,0,0,0,0,0,0,0,0,0,,,,
1416269308.75805,pg_catalog,pg_enum,0,0,0,0,0,0,0,0,0,0,0,0,0,0,,,,
1416269308.75805,pg_catalog,pg_db_role_setting,0,0,128643,0,0,0,0,0,0,0,0,0,7984,120659,0,0,0,0
1416269308.75805,pg_catalog,pg_seclabel,0,0,3766,0,0,0,0,0,0,0,0,0,433,3333,0,0,0,0
1416269308.75805,pg_toast,pg_toast_2609,0,0,0,0,0,0,0,0,0,0,0,0,0,0,,,,
1416269308.75805,pg_toast,pg_toast_1255,0,0,0,0,0,0,0,0,0,0,0,0,0,0,,,,
1416269308.75805,pg_catalog,pg_rewrite,0,0,24127,22912,405,0,405,0,107,4,11151,15034,4780,36518,9569,12193,3710,15036
1416269308.75805,pg_catalog,pg_ts_config,0,0,0,0,0,0,0,0,0,0,0,0,0,0,,,,
1416269308.75805,pg_catalog,pg_extension,0,0,0,0,0,0,0,0,0,0,0,0,0,0,,,,
1416269308.75805,pg_catalog,pg_amop,0,0,297475,414111,0,0,0,0,0,0,20698,393413,35035,608616,,,,
1416269308.75805,pg_catalog,pg_cast,0,0,947901,261772,0,0,0,0,0,0,8949,252823,11448,972170,,,,
1416269308.75805,pg_toast,pg_toast_2619,0,0,14802,45474,1068,0,818,0,270,10,5028,19062,1882,18353,,,,
1416269308.75805,pg_toast,pg_toast_2604,0,0,0,0,0,0,0,0,0,0,0,0,0,0,,,,
1416269308.75805,public,lineitem,23,900148482,798310,56708111,60045669,0,0,0,60045802,0,15588387,11750943,448962,4319841,,,,
1416269368.76053,pg_catalog,pg_auth_members,0,0,0,0,0,0,0,0,0,0,0,0,0,0,,,,
1416269368.76053,pg_catalog,pg_operator,0,0,226577,961064,0,0,0,0,0,0,60568,632167,45844,462884,,,,
1416269368.76053,pg_catalog,pg_aggregate,0,0,15174,15174,0,0,0,0,0,0,4586,10588,9189,17935,,,,
1416269368.76053,pg_catalog,pg_pltemplate,0,0,0,0,0,0,0,0,0,0,0,0,0,0,,,,
1416269368.76053,pg_toast,pg_toast_12188,0,0,0,0,0,0,0,0,0,0,0,0,0,0,,,,
1416269368.76053,public,supplier,12,600000,3310128,3362921,100000,0,0,0,100000,0,8648,3330415,699,6637535,,,,
1416269368.76053,pg_catalog,pg_description,0,0,3766,0,0,0,0,0,0,0,0,0,1407,6938,0,0,0,0
1416269368.76053,pg_catalog,pg_language,0,0,0,0,0,0,0,0,0,0,0,0,0,0,,,,
1416269368.76053,pg_catalog,pg_ts_parser,0,0,0,0,0,0,0,0,0,0,0,0,0,0,,,,
1416269368.76053,pg_catalog,pg_shseclabel,0,0,0,0,0,0,0,0,0,0,0,0,0,0,,,,
1416269368.76053,pg_catalog,pg_foreign_table,0,0,0,0,0,0,0,0,0,0,0,0,0,0,,,,
1416269368.76053,public,time_statistics,19,208,,,21,19,0,19,21,19,2,57,,,,,,
1416269368.76053,information_schema,sql_packages,0,0,,,0,0,0,0,0,0,0,0,,,0,0,0,0
1416269368.76053,information_schema,sql_parts,0,0,,,0,0,0,0,0,0,0,0,,,0,0,0,0
1416269368.76053,pg_catalog,pg_attrdef,0,0,0,0,0,0,0,0,0,0,0,0,0,0,0,0,0,0
1416269368.76053,pg_catalog,pg_ts_template,0,0,0,0,0,0,0,0,0,0,0,0,0,0,,,,
1416269368.76053,pg_catalog,pg_foreign_server,0,0,0,0,0,0,0,0,0,0,0,0,0,0,,,,
1416269368.76053,pg_catalog,pg_default_acl,0,0,3292,0,0,0,0,0,0,0,0,0,391,2901,,,,
1416269368.76053,pg_toast,pg_toast_12198,0,0,0,0,0,0,0,0,0,0,0,0,0,0,,,,
1416269368.76053,pg_toast,pg_toast_12208,0,0,0,0,0,0,0,0,0,0,0,0,0,0,,,,
1416269368.76053,pg_catalog,pg_attribute,3278,21754,950258,1854802,6364,220,6186,184,2425,286,94095,930756,44022,1926487,,,,
1416269368.76053,pg_catalog,pg_statistic,0,0,218604,165984,1467,3468,1404,3042,473,111,39338,137197,20878,450406,5028,19075,1882,18382
1416269368.76053,pg_toast,pg_toast_12203,0,0,0,0,0,0,0,0,0,0,0,0,0,0,,,,
1416269368.76053,pg_toast,pg_toast_2618,0,0,12462,40469,0,0,0,0,0,0,9569,12207,3710,15048,,,,
1416269368.76053,pg_toast,pg_toast_3596,0,0,0,0,0,0,0,0,0,0,0,0,0,0,,,,
1416269368.76053,pg_catalog,pg_depend,0,0,34766,37437,6406,0,6316,0,6294,910,6535,43786,11307,88106,,,,
1416269368.76053,information_schema,sql_languages,0,0,,,0,0,0,0,0,0,0,0,,,0,0,0,0
1416269368.76053,public,customer,11,12000000,64,1174290,1500000,0,0,0,1500000,0,111293,573765,3601,146,,,,
1416269368.76053,pg_catalog,pg_opclass,596,596,185269,2013425,0,0,0,0,0,0,13244,685992,25970,217285,,,,
1416269368.76053,pg_catalog,pg_proc,0,0,404635,595465,0,0,0,0,0,0,71412,393764,69565,826965,0,0,0,0
1416269368.76053,information_schema,sql_implementation_info,0,0,,,0,0,0,0,0,0,0,0,,,0,0,0,0
1416269368.76053,pg_catalog,pg_trigger,0,0,0,0,0,0,0,0,0,0,0,0,0,0,0,0,0,0
1416269368.76053,pg_catalog,pg_am,40605,40605,0,0,0,0,0,0,0,0,7772,32833,0,0,,,,
1416269368.76053,pg_catalog,pg_largeobject_metadata,0,0,0,0,0,0,0,0,0,0,0,0,0,0,,,,
1416269368.76053,pg_catalog,pg_ts_config_map,0,0,0,0,0,0,0,0,0,0,0,0,0,0,,,,
1416269368.76053,pg_catalog,pg_type,0,0,767885,761974,1623,0,1604,0,349,71,23587,745604,29537,1536060,,,,
1416269368.76053,pg_catalog,pg_shdepend,0,0,4619,852,0,0,0,0,0,0,394,458,1751,4506,,,,
1416269368.76053,information_schema,sql_sizing,0,0,,,0,0,0,0,0,0,0,0,,,0,0,0,0
1416269368.76053,pg_catalog,pg_conversion,0,0,0,0,0,0,0,0,0,0,0,0,0,0,,,,
1416269368.76053,pg_catalog,pg_foreign_data_wrapper,0,0,0,0,0,0,0,0,0,0,0,0,0,0,,,,
1416269368.76053,pg_catalog,pg_opfamily,0,0,0,0,0,0,0,0,0,0,0,0,0,0,,,,
1416269368.76053,pg_catalog,pg_shdescription,0,0,0,0,0,0,0,0,0,0,0,0,0,0,0,0,0,0
1416269368.76053,pg_catalog,pg_tablespace,2,4,29674,29674,0,0,0,0,0,0,6158,23518,12350,46998,,,,
1416269368.76053,pg_catalog,pg_inherits,0,0,813,0,0,0,0,0,0,0,0,0,403,410,,,,
1416269368.76053,public,part,10,16000000,62,2356760,2000000,0,0,0,2000000,0,173449,426536,6623,155,,,,
1416269368.76053,public,region,6429,32120,14,14,5,0,0,0,5,0,3,6437,6,13,,,,
1416269368.76053,pg_toast,pg_toast_2606,0,0,0,0,0,0,0,0,0,0,0,0,0,0,,,,
1416269368.76053,pg_toast,pg_toast_2964,0,0,0,0,0,0,0,0,0,0,0,0,0,0,,,,
1416269368.76053,pg_catalog,pg_database,9261,36546,175729,175727,1,0,0,0,1,0,8146,176843,36699,224741,,,,
1416269368.76053,pg_toast,pg_toast_2620,0,0,0,0,0,0,0,0,0,0,0,0,0,0,,,,
1416269368.76053,pg_toast,pg_toast_12213,0,0,0,0,0,0,0,0,0,0,0,0,0,0,,,,
1416269368.76053,pg_catalog,pg_amproc,596,1192,144232,214433,0,0,0,0,0,0,9756,132769,26574,301691,,,,
1416269368.76053,public,partsupp,5,32000000,56227,10343905,8000000,0,0,0,8000000,0,827436,3313135,42077,155086,,,,
1416269368.76053,public,nation,16,200,3310113,3310113,25,0,0,0,25,0,4,3310119,8,3310120,,,,
1416269368.76053,pg_catalog,pg_collation,0,0,0,0,0,0,0,0,0,0,0,0,0,0,,,,
1416269368.76053,pg_catalog,pg_constraint,0,0,344,168,176,0,168,0,10,0,99,978,178,1754,0,0,0,0
1416269368.76053,pg_catalog,pg_range,0,0,5460,0,0,0,0,0,0,0,0,0,7043,3877,,,,
1416269368.76053,pg_catalog,pg_user_mapping,0,0,0,0,0,0,0,0,0,0,0,0,0,0,,,,
1416269368.76053,pg_catalog,pg_largeobject,0,0,0,0,0,0,0,0,0,0,0,0,0,0,,,,
1416269368.76053,pg_catalog,pg_namespace,6575,178740,492624,455925,28,0,0,0,28,0,6755,455816,17499,517511,,,,
1416269368.76053,pg_catalog,pg_authid,3250,3250,73844,73844,0,0,0,0,0,0,6961,70133,25870,121818,,,,
1416269368.76053,pg_toast,pg_toast_12193,0,0,0,0,0,0,0,0,0,0,0,0,0,0,,,,
1416269368.76053,pg_catalog,pg_index,14483,1704051,320971,456609,804,0,776,0,138,0,29623,452219,28256,360223,,,,
1416269368.76053,pg_catalog,pg_ts_dict,0,0,0,0,0,0,0,0,0,0,0,0,0,0,,,,
1416269368.76053,information_schema,sql_features,0,0,,,0,0,0,0,0,0,0,0,,,0,0,0,0
1416269368.76053,pg_catalog,pg_class,37322,9283197,1435462,1389465,1627,405,1589,391,326,109,72740,1681033,60558,2876856,,,,
1416269368.76053,pg_toast,pg_toast_12183,0,0,0,0,0,0,0,0,0,0,0,0,0,0,,,,
1416269368.76053,public,orders,14,120060000,4697653,9832925,15015000,0,0,0,15015000,0,1116863,7141013,99151,14169012,,,,
1416269368.76053,information_schema,sql_sizing_profiles,0,0,,,0,0,0,0,0,0,0,0,,,0,0,0,0
1416269368.76053,pg_toast,pg_toast_2396,0,0,0,0,0,0,0,0,0,0,0,0,0,0,,,,
1416269368.76053,pg_catalog,pg_enum,0,0,0,0,0,0,0,0,0,0,0,0,0,0,,,,
1416269368.76053,pg_catalog,pg_db_role_setting,0,0,128688,0,0,0,0,0,0,0,0,0,7984,120704,0,0,0,0
1416269368.76053,pg_catalog,pg_seclabel,0,0,3766,0,0,0,0,0,0,0,0,0,433,3333,0,0,0,0
1416269368.76053,pg_toast,pg_toast_2609,0,0,0,0,0,0,0,0,0,0,0,0,0,0,,,,
1416269368.76053,pg_toast,pg_toast_1255,0,0,0,0,0,0,0,0,0,0,0,0,0,0,,,,
1416269368.76053,pg_catalog,pg_rewrite,0,0,24142,22927,405,0,405,0,107,4,11151,15049,4780,36544,9569,12207,3710,15048
1416269368.76053,pg_catalog,pg_ts_config,0,0,0,0,0,0,0,0,0,0,0,0,0,0,,,,
1416269368.76053,pg_catalog,pg_extension,0,0,0,0,0,0,0,0,0,0,0,0,0,0,,,,
1416269368.76053,pg_catalog,pg_amop,0,0,297561,414224,0,0,0,0,0,0,20698,393526,35035,608809,,,,
1416269368.76053,pg_catalog,pg_cast,0,0,948120,261852,0,0,0,0,0,0,8949,252903,11448,972403,,,,
1416269368.76053,pg_toast,pg_toast_2619,0,0,14813,45501,1068,0,818,0,270,10,5028,19075,1882,18382,,,,
1416269368.76053,pg_toast,pg_toast_2604,0,0,0,0,0,0,0,0,0,0,0,0,0,0,,,,
1416269368.76053,public,lineitem,24,960194151,798310,56708111,60045669,0,0,0,60045802,0,15973973,12431832,448962,4319841,,,,
1416269428.76415,pg_catalog,pg_auth_members,0,0,0,0,0,0,0,0,0,0,0,0,0,0,,,,
1416269428.76415,pg_catalog,pg_operator,0,0,226683,961568,0,0,0,0,0,0,60568,632523,45846,463122,,,,
1416269428.76415,pg_catalog,pg_aggregate,0,0,15179,15179,0,0,0,0,0,0,4586,10593,9189,17945,,,,
1416269428.76415,pg_catalog,pg_pltemplate,0,0,0,0,0,0,0,0,0,0,0,0,0,0,,,,
1416269428.76415,pg_toast,pg_toast_12188,0,0,0,0,0,0,0,0,0,0,0,0,0,0,,,,
1416269428.76415,public,supplier,13,700000,3310132,3362925,100000,0,0,0,100000,0,10820,3330426,701,6637542,,,,
1416269428.76415,pg_catalog,pg_description,0,0,3766,0,0,0,0,0,0,0,0,0,1407,6938,0,0,0,0
1416269428.76415,pg_catalog,pg_language,0,0,0,0,0,0,0,0,0,0,0,0,0,0,,,,
1416269428.76415,pg_catalog,pg_ts_parser,0,0,0,0,0,0,0,0,0,0,0,0,0,0,,,,
1416269428.76415,pg_catalog,pg_shseclabel,0,0,0,0,0,0,0,0,0,0,0,0,0,0,,,,
1416269428.76415,pg_catalog,pg_foreign_table,0,0,0,0,0,0,0,0,0,0,0,0,0,0,,,,
1416269428.76415,public,time_statistics,22,274,,,24,22,0,22,24,22,2,66,,,,,,
1416269428.76415,information_schema,sql_packages,0,0,,,0,0,0,0,0,0,0,0,,,0,0,0,0
1416269428.76415,information_schema,sql_parts,0,0,,,0,0,0,0,0,0,0,0,,,0,0,0,0
1416269428.76415,pg_catalog,pg_attrdef,0,0,0,0,0,0,0,0,0,0,0,0,0,0,0,0,0,0
1416269428.76415,pg_catalog,pg_ts_template,0,0,0,0,0,0,0,0,0,0,0,0,0,0,,,,
1416269428.76415,pg_catalog,pg_foreign_server,0,0,0,0,0,0,0,0,0,0,0,0,0,0,,,,
1416269428.76415,pg_catalog,pg_default_acl,0,0,3292,0,0,0,0,0,0,0,0,0,391,2901,,,,
1416269428.76415,pg_toast,pg_toast_12198,0,0,0,0,0,0,0,0,0,0,0,0,0,0,,,,
1416269428.76415,pg_toast,pg_toast_12208,0,0,0,0,0,0,0,0,0,0,0,0,0,0,,,,
1416269428.76415,pg_catalog,pg_attribute,3278,21754,950779,1855743,6364,220,6186,184,2425,286,94102,931272,44022,1927549,,,,
1416269428.76415,pg_catalog,pg_statistic,0,0,218709,166068,1467,3468,1404,3042,473,111,39343,137276,20878,450632,5054,19109,1882,18472
1416269428.76415,pg_toast,pg_toast_12203,0,0,0,0,0,0,0,0,0,0,0,0,0,0,,,,
1416269428.76415,pg_toast,pg_toast_2618,0,0,12470,40495,0,0,0,0,0,0,9569,12221,3710,15060,,,,
1416269428.76415,pg_toast,pg_toast_3596,0,0,0,0,0,0,0,0,0,0,0,0,0,0,,,,
1416269428.76415,pg_catalog,pg_depend,0,0,34766,37437,6406,0,6316,0,6294,910,6535,43786,11307,88106,,,,
1416269428.76415,information_schema,sql_languages,0,0,,,0,0,0,0,0,0,0,0,,,0,0,0,0
1416269428.76415,public,customer,12,13500000,77,1474136,1500000,0,0,0,1500000,0,181844,683817,4444,166,,,,
1416269428.76415,pg_catalog,pg_opclass,596,596,185356,2014396,0,0,0,0,0,0,13244,686326,25970,217401,,,,
1416269428.76415,pg_catalog,pg_proc,0,0,404859,595780,0,0,0,0,0,0,71420,394013,69566,827460,0,0,0,0
1416269428.76415,information_schema,sql_implementation_info,0,0,,,0,0,0,0,0,0,0,0,,,0,0,0,0
1416269428.76415,pg_catalog,pg_trigger,0,0,0,0,0,0,0,0,0,0,0,0,0,0,0,0,0,0
1416269428.76415,pg_catalog,pg_am,40625,40625,0,0,0,0,0,0,0,0,7772,32853,0,0,,,,
1416269428.76415,pg_catalog,pg_largeobject_metadata,0,0,0,0,0,0,0,0,0,0,0,0,0,0,,,,
1416269428.76415,pg_catalog,pg_ts_config_map,0,0,0,0,0,0,0,0,0,0,0,0,0,0,,,,
1416269428.76415,pg_catalog,pg_type,0,0,768299,762388,1623,0,1604,0,349,71,23587,746018,29538,1536908,,,,
1416269428.76415,pg_catalog,pg_shdepend,0,0,4619,852,0,0,0,0,0,0,394,458,1751,4506,,,,
1416269428.76415,information_schema,sql_sizing,0,0,,,0,0,0,0,0,0,0,0,,,0,0,0,0
1416269428.76415,pg_catalog,pg_conversion,0,0,0,0,0,0,0,0,0,0,0,0,0,0,,,,
1416269428.76415,pg_catalog,pg_foreign_data_wrapper,0,0,0,0,0,0,0,0,0,0,0,0,0,0,,,,
1416269428.76415,pg_catalog,pg_opfamily,0,0,0,0,0,0,0,0,0,0,0,0,0,0,,,,
1416269428.76415,pg_catalog,pg_shdescription,0,0,0,0,0,0,0,0,0,0,0,0,0,0,0,0,0,0
1416269428.76415,pg_catalog,pg_tablespace,2,4,29690,29690,0,0,0,0,0,0,6158,23534,12350,47030,,,,
1416269428.76415,pg_catalog,pg_inherits,0,0,813,0,0,0,0,0,0,0,0,0,403,410,,,,
1416269428.76415,public,part,10,16000000,78,2367319,2000000,0,0,0,2000000,0,182711,426536,7895,715,,,,
1416269428.76415,public,region,6430,32125,16,16,5,0,0,0,5,0,4,6439,8,14,,,,
1416269428.76415,pg_toast,pg_toast_2606,0,0,0,0,0,0,0,0,0,0,0,0,0,0,,,,
1416269428.76415,pg_toast,pg_toast_2964,0,0,0,0,0,0,0,0,0,0,0,0,0,0,,,,
1416269428.76415,pg_catalog,pg_database,9265,36562,175804,175802,1,0,0,0,1,0,8146,176922,36699,224858,,,,
1416269428.76415,pg_toast,pg_toast_2620,0,0,0,0,0,0,0,0,0,0,0,0,0,0,,,,
1416269428.76415,pg_toast,pg_toast_12213,0,0,0,0,0,0,0,0,0,0,0,0,0,0,,,,
1416269428.76415,pg_catalog,pg_amproc,596,1192,144299,214535,0,0,0,0,0,0,9756,132836,26574,301845,,,,
1416269428.76415,public,partsupp,5,32000000,56227,10343905,8000000,0,0,0,8000000,0,827436,3313135,42077,155086,,,,
1416269428.76415,public,nation,17,225,3310124,3310148,25,0,0,0,25,0,4,3310131,9,3310132,,,,
1416269428.76415,pg_catalog,pg_collation,0,0,0,0,0,0,0,0,0,0,0,0,0,0,,,,
1416269428.76415,pg_catalog,pg_constraint,0,0,344,168,176,0,168,0,10,0,99,978,178,1754,0,0,0,0
1416269428.76415,pg_catalog,pg_range,0,0,5463,0,0,0,0,0,0,0,0,0,7045,3881,,,,
1416269428.76415,pg_catalog,pg_user_mapping,0,0,0,0,0,0,0,0,0,0,0,0,0,0,,,,
1416269428.76415,pg_catalog,pg_largeobject,0,0,0,0,0,0,0,0,0,0,0,0,0,0,,,,
1416269428.76415,pg_catalog,pg_namespace,6579,178876,492956,456238,28,0,0,0,28,0,6755,456133,17499,517864,,,,
1416269428.76415,pg_catalog,pg_authid,3252,3252,73882,73882,0,0,0,0,0,0,6961,70173,25870,121894,,,,
1416269428.76415,pg_toast,pg_toast_12193,0,0,0,0,0,0,0,0,0,0,0,0,0,0,,,,
1416269428.76415,pg_catalog,pg_index,14491,1705155,321116,456813,804,0,776,0,138,0,29623,452439,28256,360401,,,,
1416269428.76415,pg_catalog,pg_ts_dict,0,0,0,0,0,0,0,0,0,0,0,0,0,0,,,,
1416269428.76415,information_schema,sql_features,0,0,,,0,0,0,0,0,0,0,0,,,0,0,0,0
1416269428.76415,pg_catalog,pg_class,37340,9288496,1436280,1390265,1627,405,1589,391,326,109,72740,1682015,60558,2878533,,,,
1416269428.76415,pg_toast,pg_toast_12183,0,0,0,0,0,0,0,0,0,0,0,0,0,0,,,,
1416269428.76415,public,orders,14,120060000,4697661,12672639,15015000,0,0,0,15015000,0,1555808,7182644,106921,14169020,,,,
1416269428.76415,information_schema,sql_sizing_profiles,0,0,,,0,0,0,0,0,0,0,0,,,0,0,0,0
1416269428.76415,pg_toast,pg_toast_2396,0,0,0,0,0,0,0,0,0,0,0,0,0,0,,,,
1416269428.76415,pg_catalog,pg_enum,0,0,0,0,0,0,0,0,0,0,0,0,0,0,,,,
1416269428.76415,pg_catalog,pg_db_role_setting,0,0,128751,0,0,0,0,0,0,0,0,0,7984,120767,0,0,0,0
1416269428.76415,pg_catalog,pg_seclabel,0,0,3766,0,0,0,0,0,0,0,0,0,433,3333,0,0,0,0
1416269428.76415,pg_toast,pg_toast_2609,0,0,0,0,0,0,0,0,0,0,0,0,0,0,,,,
1416269428.76415,pg_toast,pg_toast_1255,0,0,0,0,0,0,0,0,0,0,0,0,0,0,,,,
1416269428.76415,pg_catalog,pg_rewrite,0,0,24156,22941,405,0,405,0,107,4,11151,15063,4780,36568,9569,12221,3710,15060
1416269428.76415,pg_catalog,pg_ts_config,0,0,0,0,0,0,0,0,0,0,0,0,0,0,,,,
1416269428.76415,pg_catalog,pg_extension,0,0,0,0,0,0,0,0,0,0,0,0,0,0,,,,
1416269428.76415,pg_catalog,pg_amop,0,0,297709,414431,0,0,0,0,0,0,20698,393733,35036,609129,,,,
1416269428.76415,pg_catalog,pg_cast,0,0,948594,261975,0,0,0,0,0,0,8949,253026,11448,972896,,,,
1416269428.76415,pg_toast,pg_toast_2619,0,0,14853,45640,1068,0,818,0,270,10,5054,19109,1882,18472,,,,
1416269428.76415,pg_toast,pg_toast_2604,0,0,0,0,0,0,0,0,0,0,0,0,0,0,,,,
1416269428.76415,public,lineitem,25,1020239820,819433,71576189,60045669,0,0,0,60045802,0,17223531,13397047,503320,4393740,,,,
1416269488.76734,pg_catalog,pg_auth_members,0,0,0,0,0,0,0,0,0,0,0,0,0,0,,,,
1416269488.76734,pg_catalog,pg_operator,0,0,226757,961798,0,0,0,0,0,0,60568,632693,45847,463292,,,,
1416269488.76734,pg_catalog,pg_aggregate,0,0,15183,15183,0,0,0,0,0,0,4586,10597,9189,17953,,,,
1416269488.76734,pg_catalog,pg_pltemplate,0,0,0,0,0,0,0,0,0,0,0,0,0,0,,,,
1416269488.76734,pg_toast,pg_toast_12188,0,0,0,0,0,0,0,0,0,0,0,0,0,0,,,,
1416269488.76734,public,supplier,14,800000,3310136,3362929,100000,0,0,0,100000,0,10820,3332609,701,6637551,,,,
1416269488.76734,pg_catalog,pg_description,0,0,3766,0,0,0,0,0,0,0,0,0,1407,6938,0,0,0,0
1416269488.76734,pg_catalog,pg_language,0,0,0,0,0,0,0,0,0,0,0,0,0,0,,,,
1416269488.76734,pg_catalog,pg_ts_parser,0,0,0,0,0,0,0,0,0,0,0,0,0,0,,,,
1416269488.76734,pg_catalog,pg_shseclabel,0,0,0,0,0,0,0,0,0,0,0,0,0,0,,,,
1416269488.76734,pg_catalog,pg_foreign_table,0,0,0,0,0,0,0,0,0,0,0,0,0,0,,,,
1416269488.76734,public,time_statistics,24,323,,,26,24,0,24,26,24,2,72,,,,,,
1416269488.76734,information_schema,sql_packages,0,0,,,0,0,0,0,0,0,0,0,,,0,0,0,0
1416269488.76734,information_schema,sql_parts,0,0,,,0,0,0,0,0,0,0,0,,,0,0,0,0
1416269488.76734,pg_catalog,pg_attrdef,0,0,0,0,0,0,0,0,0,0,0,0,0,0,0,0,0,0
1416269488.76734,pg_catalog,pg_ts_template,0,0,0,0,0,0,0,0,0,0,0,0,0,0,,,,
1416269488.76734,pg_catalog,pg_foreign_server,0,0,0,0,0,0,0,0,0,0,0,0,0,0,,,,
1416269488.76734,pg_catalog,pg_default_acl,0,0,3292,0,0,0,0,0,0,0,0,0,391,2901,,,,
1416269488.76734,pg_toast,pg_toast_12198,0,0,0,0,0,0,0,0,0,0,0,0,0,0,,,,
1416269488.76734,pg_toast,pg_toast_12208,0,0,0,0,0,0,0,0,0,0,0,0,0,0,,,,
1416269488.76734,pg_catalog,pg_attribute,3278,21754,951219,1856516,6364,220,6186,184,2425,286,94102,931714,44022,1928443,,,,
1416269488.76734,pg_catalog,pg_statistic,0,0,218785,166128,1467,3468,1404,3042,473,111,39343,137336,20878,450797,5057,19140,1882,18536
1416269488.76734,pg_toast,pg_toast_12203,0,0,0,0,0,0,0,0,0,0,0,0,0,0,,,,
1416269488.76734,pg_toast,pg_toast_2618,0,0,12478,40521,0,0,0,0,0,0,9572,12232,3710,15072,,,,
1416269488.76734,pg_toast,pg_toast_3596,0,0,0,0,0,0,0,0,0,0,0,0,0,0,,,,
1416269488.76734,pg_catalog,pg_depend,0,0,34766,37437,6406,0,6316,0,6294,910,6535,43786,11307,88106,,,,
1416269488.76734,information_schema,sql_languages,0,0,,,0,0,0,0,0,0,0,0,,,0,0,0,0
1416269488.76734,public,customer,12,13500000,83,1594674,1500000,0,0,0,1500000,0,181847,741993,4777,182,,,,
1416269488.76734,pg_catalog,pg_opclass,596,596,185413,2014993,0,0,0,0,0,0,13244,686530,25970,217480,,,,
1416269488.76734,pg_catalog,pg_proc,0,0,405051,596056,0,0,0,0,0,0,71423,394234,69566,827884,0,0,0,0
1416269488.76734,information_schema,sql_implementation_info,0,0,,,0,0,0,0,0,0,0,0,,,0,0,0,0
1416269488.76734,pg_catalog,pg_trigger,0,0,0,0,0,0,0,0,0,0,0,0,0,0,0,0,0,0
1416269488.76734,pg_catalog,pg_am,40639,40639,0,0,0,0,0,0,0,0,7772,32867,0,0,,,,
1416269488.76734,pg_catalog,pg_largeobject_metadata,0,0,0,0,0,0,0,0,0,0,0,0,0,0,,,,
1416269488.76734,pg_catalog,pg_ts_config_map,0,0,0,0,0,0,0,0,0,0,0,0,0,0,,,,
1416269488.76734,pg_catalog,pg_type,0,0,768598,762687,1623,0,1604,0,349,71,23588,746316,29540,1537521,,,,
1416269488.76734,pg_catalog,pg_shdepend,0,0,4619,852,0,0,0,0,0,0,394,458,1751,4506,,,,
1416269488.76734,information_schema,sql_sizing,0,0,,,0,0,0,0,0,0,0,0,,,0,0,0,0
1416269488.76734,pg_catalog,pg_conversion,0,0,0,0,0,0,0,0,0,0,0,0,0,0,,,,
1416269488.76734,pg_catalog,pg_foreign_data_wrapper,0,0,0,0,0,0,0,0,0,0,0,0,0,0,,,,
1416269488.76734,pg_catalog,pg_opfamily,0,0,0,0,0,0,0,0,0,0,0,0,0,0,,,,
1416269488.76734,pg_catalog,pg_shdescription,0,0,0,0,0,0,0,0,0,0,0,0,0,0,0,0,0,0
1416269488.76734,pg_catalog,pg_tablespace,2,4,29703,29703,0,0,0,0,0,0,6158,23547,12350,47056,,,,
1416269488.76734,pg_catalog,pg_inherits,0,0,813,0,0,0,0,0,0,0,0,0,403,410,,,,
1416269488.76734,public,part,10,16000000,78,2367319,2000000,0,0,0,2000000,0,182711,426536,7895,715,,,,
1416269488.76734,public,region,6430,32125,16,16,5,0,0,0,5,0,4,6439,8,14,,,,
1416269488.76734,pg_toast,pg_toast_2606,0,0,0,0,0,0,0,0,0,0,0,0,0,0,,,,
1416269488.76734,pg_toast,pg_toast_2964,0,0,0,0,0,0,0,0,0,0,0,0,0,0,,,,
1416269488.76734,pg_catalog,pg_database,9269,36578,175857,175855,1,0,0,0,1,0,8146,176979,36699,224941,,,,
1416269488.76734,pg_toast,pg_toast_2620,0,0,0,0,0,0,0,0,0,0,0,0,0,0,,,,
1416269488.76734,pg_toast,pg_toast_12213,0,0,0,0,0,0,0,0,0,0,0,0,0,0,,,,
1416269488.76734,pg_catalog,pg_amproc,596,1192,144351,214611,0,0,0,0,0,0,9756,132886,26574,301963,,,,
1416269488.76734,public,partsupp,5,32000000,56227,10343905,8000000,0,0,0,8000000,0,827436,3313135,42077,155086,,,,
1416269488.76734,public,nation,18,250,3310133,3310181,25,0,0,0,25,0,4,3310141,9,3310142,,,,
1416269488.76734,pg_catalog,pg_collation,0,0,0,0,0,0,0,0,0,0,0,0,0,0,,,,
1416269488.76734,pg_catalog,pg_constraint,0,0,344,168,176,0,168,0,10,0,99,978,178,1754,0,0,0,0
1416269488.76734,pg_catalog,pg_range,0,0,5465,0,0,0,0,0,0,0,0,0,7047,3883,,,,
1416269488.76734,pg_catalog,pg_user_mapping,0,0,0,0,0,0,0,0,0,0,0,0,0,0,,,,
1416269488.76734,pg_catalog,pg_largeobject,0,0,0,0,0,0,0,0,0,0,0,0,0,0,,,,
1416269488.76734,pg_catalog,pg_namespace,6583,179012,493277,456544,28,0,0,0,28,0,6755,456443,17500,518201,,,,
1416269488.76734,pg_catalog,pg_authid,3253,3253,73908,73908,0,0,0,0,0,0,6961,70200,25870,121946,,,,
1416269488.76734,pg_toast,pg_toast_12193,0,0,0,0,0,0,0,0,0,0,0,0,0,0,,,,
1416269488.76734,pg_catalog,pg_index,14499,1706259,321225,456964,804,0,776,0,138,0,29623,452610,28256,360535,,,,
1416269488.76734,pg_catalog,pg_ts_dict,0,0,0,0,0,0,0,0,0,0,0,0,0,0,,,,
1416269488.76734,information_schema,sql_features,0,0,,,0,0,0,0,0,0,0,0,,,0,0,0,0
1416269488.76734,pg_catalog,pg_class,37358,9293795,1437029,1391003,1627,405,1589,391,326,109,72741,1682934,60558,2880062,,,,
1416269488.76734,pg_toast,pg_toast_12183,0,0,0,0,0,0,0,0,0,0,0,0,0,0,,,,
1416269488.76734,public,orders,16,150090000,4697667,12672645,15015000,0,0,0,15015000,0,1809347,7436155,106922,14169039,,,,
1416269488.76734,information_schema,sql_sizing_profiles,0,0,,,0,0,0,0,0,0,0,0,,,0,0,0,0
1416269488.76734,pg_toast,pg_toast_2396,0,0,0,0,0,0,0,0,0,0,0,0,0,0,,,,
1416269488.76734,pg_catalog,pg_enum,0,0,0,0,0,0,0,0,0,0,0,0,0,0,,,,
1416269488.76734,pg_catalog,pg_db_role_setting,0,0,128796,0,0,0,0,0,0,0,0,0,7984,120812,0,0,0,0
1416269488.76734,pg_catalog,pg_seclabel,0,0,3766,0,0,0,0,0,0,0,0,0,433,3333,0,0,0,0
1416269488.76734,pg_toast,pg_toast_2609,0,0,0,0,0,0,0,0,0,0,0,0,0,0,,,,
1416269488.76734,pg_toast,pg_toast_1255,0,0,0,0,0,0,0,0,0,0,0,0,0,0,,,,
1416269488.76734,pg_catalog,pg_rewrite,0,0,24169,22954,405,0,405,0,107,4,11154,15073,4780,36590,9572,12232,3710,15072
1416269488.76734,pg_catalog,pg_ts_config,0,0,0,0,0,0,0,0,0,0,0,0,0,0,,,,
1416269488.76734,pg_catalog,pg_extension,0,0,0,0,0,0,0,0,0,0,0,0,0,0,,,,
1416269488.76734,pg_catalog,pg_amop,0,0,297809,414568,0,0,0,0,0,0,20698,393870,35036,609349,,,,
1416269488.76734,pg_catalog,pg_cast,0,0,948866,262055,0,0,0,0,0,0,8949,253106,11448,973183,,,,
1416269488.76734,pg_toast,pg_toast_2619,0,0,14881,45718,1068,0,818,0,270,10,5057,19140,1882,18536,,,,
1416269488.76734,pg_toast,pg_toast_2604,0,0,0,0,0,0,0,0,0,0,0,0,0,0,,,,
1416269488.76734,public,lineitem,25,1020239820,819441,97021848,60045669,0,0,0,60045802,0,19327775,13436981,572821,4393765,,,,
